Date,Close,Ticker
Jan-04-2010,10654.79,Nikkei Index
Jan-05-2010,10681.83,Nikkei Index
Jan-06-2010,10731.45,Nikkei Index
Jan-07-2010,10681.66,Nikkei Index
Jan-08-2010,10798.32,Nikkei Index
Jan-12-2010,10879.14,Nikkei Index
Jan-13-2010,10735.03,Nikkei Index
Jan-14-2010,10907.68,Nikkei Index
Jan-15-2010,10982.1,Nikkei Index
Jan-18-2010,10855.08,Nikkei Index
Jan-19-2010,10764.9,Nikkei Index
Jan-20-2010,10737.52,Nikkei Index
Jan-21-2010,10868.41,Nikkei Index
Jan-22-2010,10590.55,Nikkei Index
Jan-25-2010,10512.69,Nikkei Index
Jan-26-2010,10325.28,Nikkei Index
Jan-27-2010,10252.08,Nikkei Index
Jan-28-2010,10414.29,Nikkei Index
Jan-29-2010,10198.04,Nikkei Index
Feb-01-2010,10205.02,Nikkei Index
Feb-02-2010,10371.09,Nikkei Index
Feb-03-2010,10404.33,Nikkei Index
Feb-04-2010,10355.98,Nikkei Index
Feb-05-2010,10057.09,Nikkei Index
Feb-08-2010,9951.82,Nikkei Index
Feb-09-2010,9932.9,Nikkei Index
Feb-10-2010,9963.99,Nikkei Index
Feb-12-2010,10092.19,Nikkei Index
Feb-15-2010,10013.3,Nikkei Index
Feb-16-2010,10034.25,Nikkei Index
Feb-17-2010,10306.83,Nikkei Index
Feb-18-2010,10335.69,Nikkei Index
Feb-19-2010,10123.58,Nikkei Index
Feb-22-2010,10400.47,Nikkei Index
Feb-23-2010,10352.1,Nikkei Index
Feb-24-2010,10198.83,Nikkei Index
Feb-25-2010,10101.96,Nikkei Index
Feb-26-2010,10126.03,Nikkei Index
Mar-01-2010,10172.06,Nikkei Index
Mar-02-2010,10221.84,Nikkei Index
Mar-03-2010,10253.14,Nikkei Index
Mar-04-2010,10145.72,Nikkei Index
Mar-05-2010,10368.96,Nikkei Index
Mar-08-2010,10585.92,Nikkei Index
Mar-09-2010,10567.65,Nikkei Index
Mar-10-2010,10563.92,Nikkei Index
Mar-11-2010,10664.95,Nikkei Index
Mar-12-2010,10751.26,Nikkei Index
Mar-15-2010,10751.98,Nikkei Index
Mar-16-2010,10721.71,Nikkei Index
Mar-17-2010,10846.98,Nikkei Index
Mar-18-2010,10744.03,Nikkei Index
Mar-19-2010,10824.72,Nikkei Index
Mar-23-2010,10774.15,Nikkei Index
Mar-24-2010,10815.03,Nikkei Index
Mar-25-2010,10828.85,Nikkei Index
Mar-26-2010,10996.37,Nikkei Index
Mar-29-2010,10986.47,Nikkei Index
Mar-30-2010,11097.14,Nikkei Index
Mar-31-2010,11089.94,Nikkei Index
Apr-01-2010,11244.4,Nikkei Index
Apr-02-2010,11286.09,Nikkei Index
Apr-05-2010,11339.3,Nikkei Index
Apr-06-2010,11282.32,Nikkei Index
Apr-07-2010,11292.83,Nikkei Index
Apr-08-2010,11168.2,Nikkei Index
Apr-09-2010,11204.34,Nikkei Index
Apr-12-2010,11251.9,Nikkei Index
Apr-13-2010,11161.23,Nikkei Index
Apr-14-2010,11204.9,Nikkei Index
Apr-15-2010,11273.79,Nikkei Index
Apr-16-2010,11102.18,Nikkei Index
Apr-19-2010,10908.77,Nikkei Index
Apr-20-2010,10900.68,Nikkei Index
Apr-21-2010,11090.05,Nikkei Index
Apr-22-2010,10949.09,Nikkei Index
Apr-23-2010,10914.46,Nikkei Index
Apr-26-2010,11165.79,Nikkei Index
Apr-27-2010,11212.66,Nikkei Index
Apr-28-2010,10924.79,Nikkei Index
Apr-30-2010,11057.4,Nikkei Index
May-06-2010,10695.69,Nikkei Index
May-07-2010,10364.59,Nikkei Index
May-10-2010,10530.7,Nikkei Index
May-11-2010,10411.1,Nikkei Index
May-12-2010,10394.03,Nikkei Index
May-13-2010,10620.55,Nikkei Index
May-14-2010,10462.51,Nikkei Index
May-17-2010,10235.76,Nikkei Index
May-18-2010,10242.64,Nikkei Index
May-19-2010,10186.84,Nikkei Index
May-20-2010,10030.31,Nikkei Index
May-21-2010,9784.54,Nikkei Index
May-24-2010,9758.4,Nikkei Index
May-25-2010,9459.89,Nikkei Index
May-26-2010,9522.66,Nikkei Index
May-27-2010,9639.72,Nikkei Index
May-28-2010,9762.98,Nikkei Index
May-31-2010,9768.7,Nikkei Index
Jun-01-2010,9711.83,Nikkei Index
Jun-02-2010,9603.24,Nikkei Index
Jun-03-2010,9914.19,Nikkei Index
Jun-04-2010,9901.19,Nikkei Index
Jun-07-2010,9520.8,Nikkei Index
Jun-08-2010,9537.94,Nikkei Index
Jun-09-2010,9439.13,Nikkei Index
Jun-10-2010,9542.65,Nikkei Index
Jun-11-2010,9705.25,Nikkei Index
Jun-14-2010,9879.85,Nikkei Index
Jun-15-2010,9887.89,Nikkei Index
Jun-16-2010,10067.15,Nikkei Index
Jun-17-2010,9999.4,Nikkei Index
Jun-18-2010,9995.02,Nikkei Index
Jun-21-2010,10238.01,Nikkei Index
Jun-22-2010,10112.89,Nikkei Index
Jun-23-2010,9923.7,Nikkei Index
Jun-24-2010,9928.34,Nikkei Index
Jun-25-2010,9737.48,Nikkei Index
Jun-28-2010,9693.94,Nikkei Index
Jun-29-2010,9570.67,Nikkei Index
Jun-30-2010,9382.64,Nikkei Index
Jul-01-2010,9191.6,Nikkei Index
Jul-02-2010,9203.71,Nikkei Index
Jul-05-2010,9266.78,Nikkei Index
Jul-06-2010,9338.04,Nikkei Index
Jul-07-2010,9279.65,Nikkei Index
Jul-08-2010,9535.74,Nikkei Index
Jul-09-2010,9585.32,Nikkei Index
Jul-12-2010,9548.11,Nikkei Index
Jul-13-2010,9537.23,Nikkei Index
Jul-14-2010,9795.24,Nikkei Index
Jul-15-2010,9685.53,Nikkei Index
Jul-16-2010,9408.36,Nikkei Index
Jul-20-2010,9300.46,Nikkei Index
Jul-21-2010,9278.83,Nikkei Index
Jul-22-2010,9220.88,Nikkei Index
Jul-23-2010,9430.96,Nikkei Index
Jul-26-2010,9503.66,Nikkei Index
Jul-27-2010,9496.85,Nikkei Index
Jul-28-2010,9753.27,Nikkei Index
Jul-29-2010,9696.02,Nikkei Index
Jul-30-2010,9537.3,Nikkei Index
Aug-02-2010,9570.31,Nikkei Index
Aug-03-2010,9694.01,Nikkei Index
Aug-04-2010,9489.34,Nikkei Index
Aug-05-2010,9653.92,Nikkei Index
Aug-06-2010,9642.12,Nikkei Index
Aug-09-2010,9572.49,Nikkei Index
Aug-10-2010,9551.05,Nikkei Index
Aug-11-2010,9292.85,Nikkei Index
Aug-12-2010,9212.59,Nikkei Index
Aug-13-2010,9253.46,Nikkei Index
Aug-16-2010,9196.67,Nikkei Index
Aug-17-2010,9161.68,Nikkei Index
Aug-18-2010,9240.54,Nikkei Index
Aug-19-2010,9362.68,Nikkei Index
Aug-20-2010,9179.38,Nikkei Index
Aug-23-2010,9116.69,Nikkei Index
Aug-24-2010,8995.14,Nikkei Index
Aug-25-2010,8845.39,Nikkei Index
Aug-26-2010,8906.48,Nikkei Index
Aug-27-2010,8991.06,Nikkei Index
Aug-30-2010,9149.26,Nikkei Index
Aug-31-2010,8824.06,Nikkei Index
Sep-01-2010,8927.02,Nikkei Index
Sep-02-2010,9062.84,Nikkei Index
Sep-03-2010,9114.13,Nikkei Index
Sep-06-2010,9301.32,Nikkei Index
Sep-07-2010,9226,Nikkei Index
Sep-08-2010,9024.6,Nikkei Index
Sep-09-2010,9098.39,Nikkei Index
Sep-10-2010,9239.17,Nikkei Index
Sep-13-2010,9321.82,Nikkei Index
Sep-14-2010,9299.31,Nikkei Index
Sep-15-2010,9516.56,Nikkei Index
Sep-16-2010,9509.5,Nikkei Index
Sep-17-2010,9626.09,Nikkei Index
Sep-21-2010,9602.11,Nikkei Index
Sep-22-2010,9566.32,Nikkei Index
Sep-24-2010,9471.67,Nikkei Index
Sep-27-2010,9603.14,Nikkei Index
Sep-28-2010,9495.76,Nikkei Index
Sep-29-2010,9559.38,Nikkei Index
Sep-30-2010,9369.35,Nikkei Index
Oct-01-2010,9404.23,Nikkei Index
Oct-04-2010,9381.06,Nikkei Index
Oct-05-2010,9518.76,Nikkei Index
Oct-06-2010,9691.43,Nikkei Index
Oct-07-2010,9684.81,Nikkei Index
Oct-08-2010,9588.88,Nikkei Index
Oct-12-2010,9388.64,Nikkei Index
Oct-13-2010,9403.51,Nikkei Index
Oct-14-2010,9583.51,Nikkei Index
Oct-15-2010,9500.25,Nikkei Index
Oct-18-2010,9498.49,Nikkei Index
Oct-19-2010,9539.45,Nikkei Index
Oct-20-2010,9381.6,Nikkei Index
Oct-21-2010,9376.48,Nikkei Index
Oct-22-2010,9426.71,Nikkei Index
Oct-25-2010,9401.16,Nikkei Index
Oct-26-2010,9377.38,Nikkei Index
Oct-27-2010,9387.03,Nikkei Index
Oct-28-2010,9366.03,Nikkei Index
Oct-29-2010,9202.45,Nikkei Index
Nov-01-2010,9154.72,Nikkei Index
Nov-02-2010,9159.98,Nikkei Index
Nov-04-2010,9358.78,Nikkei Index
Nov-05-2010,9625.99,Nikkei Index
Nov-08-2010,9732.92,Nikkei Index
Nov-09-2010,9694.49,Nikkei Index
Nov-10-2010,9830.52,Nikkei Index
Nov-11-2010,9861.46,Nikkei Index
Nov-12-2010,9724.81,Nikkei Index
Nov-15-2010,9827.51,Nikkei Index
Nov-16-2010,9797.1,Nikkei Index
Nov-17-2010,9811.66,Nikkei Index
Nov-18-2010,10013.63,Nikkei Index
Nov-19-2010,10022.39,Nikkei Index
Nov-22-2010,10115.19,Nikkei Index
Nov-24-2010,10030.11,Nikkei Index
Nov-25-2010,10079.76,Nikkei Index
Nov-26-2010,10039.56,Nikkei Index
Nov-29-2010,10125.99,Nikkei Index
Nov-30-2010,9937.04,Nikkei Index
Dec-01-2010,9988.05,Nikkei Index
Dec-02-2010,10168.52,Nikkei Index
Dec-03-2010,10178.32,Nikkei Index
Dec-06-2010,10167.23,Nikkei Index
Dec-07-2010,10141.1,Nikkei Index
Dec-08-2010,10232.33,Nikkei Index
Dec-09-2010,10285.88,Nikkei Index
Dec-10-2010,10211.95,Nikkei Index
Dec-13-2010,10293.89,Nikkei Index
Dec-14-2010,10316.77,Nikkei Index
Dec-15-2010,10309.78,Nikkei Index
Dec-16-2010,10311.29,Nikkei Index
Dec-17-2010,10303.83,Nikkei Index
Dec-20-2010,10216.41,Nikkei Index
Dec-21-2010,10370.53,Nikkei Index
Dec-22-2010,10346.48,Nikkei Index
Dec-24-2010,10279.19,Nikkei Index
Dec-27-2010,10355.99,Nikkei Index
Dec-28-2010,10292.63,Nikkei Index
Dec-29-2010,10344.54,Nikkei Index
Dec-30-2010,10228.92,Nikkei Index
Jan-04-2011,10398.1,Nikkei Index
Jan-05-2011,10380.77,Nikkei Index
Jan-06-2011,10529.76,Nikkei Index
Jan-07-2011,10541.04,Nikkei Index
Jan-11-2011,10510.68,Nikkei Index
Jan-12-2011,10512.8,Nikkei Index
Jan-13-2011,10589.76,Nikkei Index
Jan-14-2011,10499.04,Nikkei Index
Jan-17-2011,10502.86,Nikkei Index
Jan-18-2011,10518.98,Nikkei Index
Jan-19-2011,10557.1,Nikkei Index
Jan-20-2011,10437.31,Nikkei Index
Jan-21-2011,10274.52,Nikkei Index
Jan-24-2011,10345.11,Nikkei Index
Jan-25-2011,10464.42,Nikkei Index
Jan-26-2011,10401.9,Nikkei Index
Jan-27-2011,10478.66,Nikkei Index
Jan-28-2011,10360.34,Nikkei Index
Jan-31-2011,10237.92,Nikkei Index
Feb-01-2011,10274.5,Nikkei Index
Feb-02-2011,10457.36,Nikkei Index
Feb-03-2011,10431.36,Nikkei Index
Feb-04-2011,10543.52,Nikkei Index
Feb-07-2011,10592.04,Nikkei Index
Feb-08-2011,10635.98,Nikkei Index
Feb-09-2011,10617.83,Nikkei Index
Feb-10-2011,10605.65,Nikkei Index
Feb-14-2011,10725.54,Nikkei Index
Feb-15-2011,10746.67,Nikkei Index
Feb-16-2011,10808.29,Nikkei Index
Feb-17-2011,10836.64,Nikkei Index
Feb-18-2011,10842.8,Nikkei Index
Feb-21-2011,10857.53,Nikkei Index
Feb-22-2011,10664.7,Nikkei Index
Feb-23-2011,10579.1,Nikkei Index
Feb-24-2011,10452.71,Nikkei Index
Feb-25-2011,10526.76,Nikkei Index
Feb-28-2011,10624.09,Nikkei Index
Mar-01-2011,10754.03,Nikkei Index
Mar-02-2011,10492.38,Nikkei Index
Mar-03-2011,10586.02,Nikkei Index
Mar-04-2011,10693.66,Nikkei Index
Mar-07-2011,10505.02,Nikkei Index
Mar-08-2011,10525.19,Nikkei Index
Mar-09-2011,10589.5,Nikkei Index
Mar-10-2011,10434.38,Nikkei Index
Mar-11-2011,10254.43,Nikkei Index
Mar-14-2011,9620.49,Nikkei Index
Mar-15-2011,8605.15,Nikkei Index
Mar-16-2011,9093.72,Nikkei Index
Mar-17-2011,8962.67,Nikkei Index
Mar-18-2011,9206.75,Nikkei Index
Mar-22-2011,9608.32,Nikkei Index
Mar-23-2011,9449.47,Nikkei Index
Mar-24-2011,9435.01,Nikkei Index
Mar-25-2011,9536.13,Nikkei Index
Mar-28-2011,9478.53,Nikkei Index
Mar-29-2011,9459.08,Nikkei Index
Mar-30-2011,9708.79,Nikkei Index
Mar-31-2011,9755.1,Nikkei Index
Apr-01-2011,9708.39,Nikkei Index
Apr-04-2011,9718.89,Nikkei Index
Apr-05-2011,9615.55,Nikkei Index
Apr-06-2011,9584.37,Nikkei Index
Apr-07-2011,9590.93,Nikkei Index
Apr-08-2011,9768.08,Nikkei Index
Apr-11-2011,9719.7,Nikkei Index
Apr-12-2011,9555.26,Nikkei Index
Apr-13-2011,9641.18,Nikkei Index
Apr-14-2011,9653.92,Nikkei Index
Apr-15-2011,9591.52,Nikkei Index
Apr-18-2011,9556.65,Nikkei Index
Apr-19-2011,9441.03,Nikkei Index
Apr-20-2011,9606.82,Nikkei Index
Apr-21-2011,9685.77,Nikkei Index
Apr-22-2011,9682.21,Nikkei Index
Apr-25-2011,9671.96,Nikkei Index
Apr-26-2011,9558.69,Nikkei Index
Apr-27-2011,9691.84,Nikkei Index
Apr-28-2011,9849.74,Nikkei Index
May-02-2011,10004.2,Nikkei Index
May-06-2011,9859.2,Nikkei Index
May-09-2011,9794.38,Nikkei Index
May-10-2011,9818.76,Nikkei Index
May-11-2011,9864.26,Nikkei Index
May-12-2011,9716.65,Nikkei Index
May-13-2011,9648.77,Nikkei Index
May-16-2011,9558.3,Nikkei Index
May-17-2011,9567.02,Nikkei Index
May-18-2011,9662.08,Nikkei Index
May-19-2011,9620.82,Nikkei Index
May-20-2011,9607.08,Nikkei Index
May-23-2011,9460.63,Nikkei Index
May-24-2011,9477.17,Nikkei Index
May-25-2011,9422.88,Nikkei Index
May-26-2011,9562.05,Nikkei Index
May-27-2011,9521.94,Nikkei Index
May-30-2011,9504.97,Nikkei Index
May-31-2011,9693.73,Nikkei Index
Jun-01-2011,9719.61,Nikkei Index
Jun-02-2011,9555.04,Nikkei Index
Jun-03-2011,9492.21,Nikkei Index
Jun-06-2011,9380.35,Nikkei Index
Jun-07-2011,9442.95,Nikkei Index
Jun-08-2011,9449.46,Nikkei Index
Jun-09-2011,9467.15,Nikkei Index
Jun-10-2011,9514.44,Nikkei Index
Jun-13-2011,9448.21,Nikkei Index
Jun-14-2011,9547.79,Nikkei Index
Jun-15-2011,9574.32,Nikkei Index
Jun-16-2011,9411.28,Nikkei Index
Jun-17-2011,9351.4,Nikkei Index
Jun-20-2011,9354.32,Nikkei Index
Jun-21-2011,9459.66,Nikkei Index
Jun-22-2011,9629.43,Nikkei Index
Jun-23-2011,9596.74,Nikkei Index
Jun-24-2011,9678.71,Nikkei Index
Jun-27-2011,9578.31,Nikkei Index
Jun-28-2011,9648.98,Nikkei Index
Jun-29-2011,9797.26,Nikkei Index
Jun-30-2011,9816.09,Nikkei Index
Jul-01-2011,9868.07,Nikkei Index
Jul-04-2011,9965.09,Nikkei Index
Jul-05-2011,9972.46,Nikkei Index
Jul-06-2011,10082.48,Nikkei Index
Jul-07-2011,10071.14,Nikkei Index
Jul-08-2011,10137.73,Nikkei Index
Jul-11-2011,10069.53,Nikkei Index
Jul-12-2011,9925.92,Nikkei Index
Jul-13-2011,9963.14,Nikkei Index
Jul-14-2011,9936.12,Nikkei Index
Jul-15-2011,9974.47,Nikkei Index
Jul-19-2011,9889.72,Nikkei Index
Jul-20-2011,10005.9,Nikkei Index
Jul-21-2011,10010.39,Nikkei Index
Jul-22-2011,10132.11,Nikkei Index
Jul-25-2011,10050.01,Nikkei Index
Jul-26-2011,10097.72,Nikkei Index
Jul-27-2011,10047.19,Nikkei Index
Jul-28-2011,9901.35,Nikkei Index
Jul-29-2011,9833.03,Nikkei Index
Aug-01-2011,9965.01,Nikkei Index
Aug-02-2011,9844.59,Nikkei Index
Aug-03-2011,9637.14,Nikkei Index
Aug-04-2011,9659.18,Nikkei Index
Aug-05-2011,9299.88,Nikkei Index
Aug-08-2011,9097.56,Nikkei Index
Aug-09-2011,8944.48,Nikkei Index
Aug-10-2011,9038.74,Nikkei Index
Aug-11-2011,8981.94,Nikkei Index
Aug-12-2011,8963.72,Nikkei Index
Aug-15-2011,9086.41,Nikkei Index
Aug-16-2011,9107.43,Nikkei Index
Aug-17-2011,9057.26,Nikkei Index
Aug-18-2011,8943.76,Nikkei Index
Aug-19-2011,8719.24,Nikkei Index
Aug-22-2011,8628.13,Nikkei Index
Aug-23-2011,8733.01,Nikkei Index
Aug-24-2011,8639.61,Nikkei Index
Aug-25-2011,8772.36,Nikkei Index
Aug-26-2011,8797.78,Nikkei Index
Aug-29-2011,8851.35,Nikkei Index
Aug-30-2011,8953.9,Nikkei Index
Aug-31-2011,8955.2,Nikkei Index
Sep-01-2011,9060.8,Nikkei Index
Sep-02-2011,8950.74,Nikkei Index
Sep-05-2011,8784.46,Nikkei Index
Sep-06-2011,8590.57,Nikkei Index
Sep-07-2011,8763.41,Nikkei Index
Sep-08-2011,8793.12,Nikkei Index
Sep-09-2011,8737.66,Nikkei Index
Sep-12-2011,8535.67,Nikkei Index
Sep-13-2011,8616.55,Nikkei Index
Sep-14-2011,8518.57,Nikkei Index
Sep-15-2011,8668.86,Nikkei Index
Sep-16-2011,8864.16,Nikkei Index
Sep-20-2011,8721.24,Nikkei Index
Sep-21-2011,8741.16,Nikkei Index
Sep-22-2011,8560.26,Nikkei Index
Sep-26-2011,8374.13,Nikkei Index
Sep-27-2011,8609.95,Nikkei Index
Sep-28-2011,8615.65,Nikkei Index
Sep-29-2011,8701.23,Nikkei Index
Sep-30-2011,8700.29,Nikkei Index
Oct-03-2011,8545.48,Nikkei Index
Oct-04-2011,8456.12,Nikkei Index
Oct-05-2011,8382.98,Nikkei Index
Oct-06-2011,8522.02,Nikkei Index
Oct-07-2011,8605.62,Nikkei Index
Oct-11-2011,8773.68,Nikkei Index
Oct-12-2011,8738.9,Nikkei Index
Oct-13-2011,8823.25,Nikkei Index
Oct-14-2011,8747.96,Nikkei Index
Oct-17-2011,8879.6,Nikkei Index
Oct-18-2011,8741.91,Nikkei Index
Oct-19-2011,8772.54,Nikkei Index
Oct-20-2011,8682.15,Nikkei Index
Oct-21-2011,8678.89,Nikkei Index
Oct-24-2011,8843.98,Nikkei Index
Oct-25-2011,8762.31,Nikkei Index
Oct-26-2011,8748.47,Nikkei Index
Oct-27-2011,8926.54,Nikkei Index
Oct-28-2011,9050.47,Nikkei Index
Oct-31-2011,8988.39,Nikkei Index
Nov-01-2011,8835.52,Nikkei Index
Nov-02-2011,8640.42,Nikkei Index
Nov-04-2011,8801.4,Nikkei Index
Nov-07-2011,8767.09,Nikkei Index
Nov-08-2011,8655.51,Nikkei Index
Nov-09-2011,8755.44,Nikkei Index
Nov-10-2011,8500.8,Nikkei Index
Nov-11-2011,8514.47,Nikkei Index
Nov-14-2011,8603.7,Nikkei Index
Nov-15-2011,8541.93,Nikkei Index
Nov-16-2011,8463.16,Nikkei Index
Nov-17-2011,8479.63,Nikkei Index
Nov-18-2011,8374.91,Nikkei Index
Nov-21-2011,8348.27,Nikkei Index
Nov-22-2011,8314.74,Nikkei Index
Nov-24-2011,8165.18,Nikkei Index
Nov-25-2011,8160.01,Nikkei Index
Nov-28-2011,8287.49,Nikkei Index
Nov-29-2011,8477.82,Nikkei Index
Nov-30-2011,8434.61,Nikkei Index
Dec-01-2011,8597.38,Nikkei Index
Dec-02-2011,8643.75,Nikkei Index
Dec-05-2011,8695.98,Nikkei Index
Dec-06-2011,8575.16,Nikkei Index
Dec-07-2011,8722.17,Nikkei Index
Dec-08-2011,8664.58,Nikkei Index
Dec-09-2011,8536.46,Nikkei Index
Dec-12-2011,8653.82,Nikkei Index
Dec-13-2011,8552.81,Nikkei Index
Dec-14-2011,8519.13,Nikkei Index
Dec-15-2011,8377.37,Nikkei Index
Dec-16-2011,8401.72,Nikkei Index
Dec-19-2011,8296.12,Nikkei Index
Dec-20-2011,8336.48,Nikkei Index
Dec-21-2011,8459.98,Nikkei Index
Dec-22-2011,8395.16,Nikkei Index
Dec-26-2011,8479.34,Nikkei Index
Dec-27-2011,8440.56,Nikkei Index
Dec-28-2011,8423.62,Nikkei Index
Dec-29-2011,8398.89,Nikkei Index
Dec-30-2011,8455.35,Nikkei Index
Jan-04-2012,8560.11,Nikkei Index
Jan-05-2012,8488.71,Nikkei Index
Jan-06-2012,8390.35,Nikkei Index
Jan-10-2012,8422.26,Nikkei Index
Jan-11-2012,8447.88,Nikkei Index
Jan-12-2012,8385.59,Nikkei Index
Jan-13-2012,8500.02,Nikkei Index
Jan-16-2012,8378.36,Nikkei Index
Jan-17-2012,8466.4,Nikkei Index
Jan-18-2012,8550.58,Nikkei Index
Jan-19-2012,8639.68,Nikkei Index
Jan-20-2012,8766.36,Nikkei Index
Jan-23-2012,8765.9,Nikkei Index
Jan-24-2012,8785.33,Nikkei Index
Jan-25-2012,8883.69,Nikkei Index
Jan-26-2012,8849.47,Nikkei Index
Jan-27-2012,8841.22,Nikkei Index
Jan-30-2012,8793.05,Nikkei Index
Jan-31-2012,8802.51,Nikkei Index
Feb-01-2012,8809.79,Nikkei Index
Feb-02-2012,8876.82,Nikkei Index
Feb-03-2012,8831.93,Nikkei Index
Feb-06-2012,8929.2,Nikkei Index
Feb-07-2012,8917.52,Nikkei Index
Feb-08-2012,9015.59,Nikkei Index
Feb-09-2012,9002.24,Nikkei Index
Feb-10-2012,8947.17,Nikkei Index
Feb-13-2012,8999.18,Nikkei Index
Feb-14-2012,9052.07,Nikkei Index
Feb-15-2012,9260.34,Nikkei Index
Feb-16-2012,9238.1,Nikkei Index
Feb-17-2012,9384.17,Nikkei Index
Feb-20-2012,9485.09,Nikkei Index
Feb-21-2012,9463.02,Nikkei Index
Feb-22-2012,9554,Nikkei Index
Feb-23-2012,9595.57,Nikkei Index
Feb-24-2012,9647.38,Nikkei Index
Feb-27-2012,9633.93,Nikkei Index
Feb-28-2012,9722.52,Nikkei Index
Feb-29-2012,9723.24,Nikkei Index
Mar-01-2012,9707.37,Nikkei Index
Mar-02-2012,9777.03,Nikkei Index
Mar-05-2012,9698.59,Nikkei Index
Mar-06-2012,9637.63,Nikkei Index
Mar-07-2012,9576.06,Nikkei Index
Mar-08-2012,9768.96,Nikkei Index
Mar-09-2012,9929.74,Nikkei Index
Mar-12-2012,9889.86,Nikkei Index
Mar-13-2012,9899.08,Nikkei Index
Mar-14-2012,10050.52,Nikkei Index
Mar-15-2012,10123.28,Nikkei Index
Mar-16-2012,10129.83,Nikkei Index
Mar-19-2012,10141.99,Nikkei Index
Mar-21-2012,10086.49,Nikkei Index
Mar-22-2012,10127.08,Nikkei Index
Mar-23-2012,10011.47,Nikkei Index
Mar-26-2012,10018.24,Nikkei Index
Mar-27-2012,10255.15,Nikkei Index
Mar-28-2012,10182.57,Nikkei Index
Mar-29-2012,10114.79,Nikkei Index
Mar-30-2012,10083.56,Nikkei Index
Apr-02-2012,10109.87,Nikkei Index
Apr-03-2012,10050.39,Nikkei Index
Apr-04-2012,9819.99,Nikkei Index
Apr-05-2012,9767.61,Nikkei Index
Apr-06-2012,9688.45,Nikkei Index
Apr-09-2012,9546.26,Nikkei Index
Apr-10-2012,9538.02,Nikkei Index
Apr-11-2012,9458.74,Nikkei Index
Apr-12-2012,9524.79,Nikkei Index
Apr-13-2012,9637.99,Nikkei Index
Apr-16-2012,9470.64,Nikkei Index
Apr-17-2012,9464.71,Nikkei Index
Apr-18-2012,9667.26,Nikkei Index
Apr-19-2012,9588.38,Nikkei Index
Apr-20-2012,9561.36,Nikkei Index
Apr-23-2012,9542.17,Nikkei Index
Apr-24-2012,9468.04,Nikkei Index
Apr-25-2012,9561.01,Nikkei Index
Apr-26-2012,9561.83,Nikkei Index
Apr-27-2012,9520.89,Nikkei Index
May-01-2012,9350.95,Nikkei Index
May-02-2012,9380.25,Nikkei Index
May-07-2012,9119.14,Nikkei Index
May-08-2012,9181.65,Nikkei Index
May-09-2012,9045.06,Nikkei Index
May-10-2012,9009.65,Nikkei Index
May-11-2012,8953.31,Nikkei Index
May-14-2012,8973.84,Nikkei Index
May-15-2012,8900.74,Nikkei Index
May-16-2012,8801.17,Nikkei Index
May-17-2012,8876.59,Nikkei Index
May-18-2012,8611.31,Nikkei Index
May-21-2012,8633.89,Nikkei Index
May-22-2012,8729.29,Nikkei Index
May-23-2012,8556.6,Nikkei Index
May-24-2012,8563.38,Nikkei Index
May-25-2012,8580.39,Nikkei Index
May-28-2012,8593.15,Nikkei Index
May-29-2012,8657.08,Nikkei Index
May-30-2012,8633.19,Nikkei Index
May-31-2012,8542.73,Nikkei Index
Jun-01-2012,8440.25,Nikkei Index
Jun-04-2012,8295.63,Nikkei Index
Jun-05-2012,8382,Nikkei Index
Jun-06-2012,8533.53,Nikkei Index
Jun-07-2012,8639.72,Nikkei Index
Jun-08-2012,8459.26,Nikkei Index
Jun-11-2012,8624.9,Nikkei Index
Jun-12-2012,8536.72,Nikkei Index
Jun-13-2012,8587.84,Nikkei Index
Jun-14-2012,8568.89,Nikkei Index
Jun-15-2012,8569.32,Nikkei Index
Jun-18-2012,8721.02,Nikkei Index
Jun-19-2012,8655.87,Nikkei Index
Jun-20-2012,8752.31,Nikkei Index
Jun-21-2012,8824.07,Nikkei Index
Jun-22-2012,8798.35,Nikkei Index
Jun-25-2012,8734.62,Nikkei Index
Jun-26-2012,8663.99,Nikkei Index
Jun-27-2012,8730.49,Nikkei Index
Jun-28-2012,8874.11,Nikkei Index
Jun-29-2012,9006.78,Nikkei Index
Jul-02-2012,9003.48,Nikkei Index
Jul-03-2012,9066.59,Nikkei Index
Jul-04-2012,9104.17,Nikkei Index
Jul-05-2012,9079.8,Nikkei Index
Jul-06-2012,9020.75,Nikkei Index
Jul-09-2012,8896.88,Nikkei Index
Jul-10-2012,8857.73,Nikkei Index
Jul-11-2012,8851,Nikkei Index
Jul-12-2012,8720.01,Nikkei Index
Jul-13-2012,8724.12,Nikkei Index
Jul-17-2012,8755,Nikkei Index
Jul-18-2012,8726.74,Nikkei Index
Jul-19-2012,8795.55,Nikkei Index
Jul-20-2012,8669.87,Nikkei Index
Jul-23-2012,8508.32,Nikkei Index
Jul-24-2012,8488.09,Nikkei Index
Jul-25-2012,8365.9,Nikkei Index
Jul-26-2012,8443.1,Nikkei Index
Jul-27-2012,8566.64,Nikkei Index
Jul-30-2012,8635.44,Nikkei Index
Jul-31-2012,8695.06,Nikkei Index
Aug-01-2012,8641.85,Nikkei Index
Aug-02-2012,8653.18,Nikkei Index
Aug-03-2012,8555.11,Nikkei Index
Aug-06-2012,8726.29,Nikkei Index
Aug-07-2012,8803.31,Nikkei Index
Aug-08-2012,8881.16,Nikkei Index
Aug-09-2012,8978.6,Nikkei Index
Aug-10-2012,8891.44,Nikkei Index
Aug-13-2012,8885.15,Nikkei Index
Aug-14-2012,8929.88,Nikkei Index
Aug-15-2012,8925.04,Nikkei Index
Aug-16-2012,9092.76,Nikkei Index
Aug-17-2012,9162.5,Nikkei Index
Aug-20-2012,9171.16,Nikkei Index
Aug-21-2012,9156.92,Nikkei Index
Aug-22-2012,9131.74,Nikkei Index
Aug-23-2012,9178.12,Nikkei Index
Aug-24-2012,9070.76,Nikkei Index
Aug-27-2012,9085.39,Nikkei Index
Aug-28-2012,9033.29,Nikkei Index
Aug-29-2012,9069.81,Nikkei Index
Aug-30-2012,8983.78,Nikkei Index
Aug-31-2012,8839.91,Nikkei Index
Sep-03-2012,8783.89,Nikkei Index
Sep-04-2012,8775.51,Nikkei Index
Sep-05-2012,8679.82,Nikkei Index
Sep-06-2012,8680.57,Nikkei Index
Sep-07-2012,8871.65,Nikkei Index
Sep-10-2012,8869.37,Nikkei Index
Sep-11-2012,8807.38,Nikkei Index
Sep-12-2012,8959.96,Nikkei Index
Sep-13-2012,8995.15,Nikkei Index
Sep-14-2012,9159.39,Nikkei Index
Sep-18-2012,9123.77,Nikkei Index
Sep-19-2012,9232.21,Nikkei Index
Sep-20-2012,9086.98,Nikkei Index
Sep-21-2012,9110,Nikkei Index
Sep-24-2012,9069.29,Nikkei Index
Sep-25-2012,9091.54,Nikkei Index
Sep-26-2012,8906.7,Nikkei Index
Sep-27-2012,8949.87,Nikkei Index
Sep-28-2012,8870.16,Nikkei Index
Oct-01-2012,8796.51,Nikkei Index
Oct-02-2012,8786.05,Nikkei Index
Oct-03-2012,8746.87,Nikkei Index
Oct-04-2012,8824.59,Nikkei Index
Oct-05-2012,8863.3,Nikkei Index
Oct-09-2012,8769.59,Nikkei Index
Oct-10-2012,8596.23,Nikkei Index
Oct-11-2012,8546.78,Nikkei Index
Oct-12-2012,8534.12,Nikkei Index
Oct-15-2012,8577.93,Nikkei Index
Oct-16-2012,8701.31,Nikkei Index
Oct-17-2012,8806.55,Nikkei Index
Oct-18-2012,8982.86,Nikkei Index
Oct-19-2012,9002.68,Nikkei Index
Oct-22-2012,9010.71,Nikkei Index
Oct-23-2012,9014.25,Nikkei Index
Oct-24-2012,8954.3,Nikkei Index
Oct-25-2012,9055.2,Nikkei Index
Oct-26-2012,8933.06,Nikkei Index
Oct-29-2012,8929.34,Nikkei Index
Oct-30-2012,8841.98,Nikkei Index
Oct-31-2012,8928.29,Nikkei Index
Nov-01-2012,8946.87,Nikkei Index
Nov-02-2012,9051.22,Nikkei Index
Nov-05-2012,9007.44,Nikkei Index
Nov-06-2012,8975.15,Nikkei Index
Nov-07-2012,8972.89,Nikkei Index
Nov-08-2012,8837.15,Nikkei Index
Nov-09-2012,8757.6,Nikkei Index
Nov-12-2012,8676.44,Nikkei Index
Nov-13-2012,8661.05,Nikkei Index
Nov-14-2012,8664.73,Nikkei Index
Nov-15-2012,8829.72,Nikkei Index
Nov-16-2012,9024.16,Nikkei Index
Nov-19-2012,9153.2,Nikkei Index
Nov-20-2012,9142.64,Nikkei Index
Nov-21-2012,9222.52,Nikkei Index
Nov-22-2012,9366.8,Nikkei Index
Nov-26-2012,9388.94,Nikkei Index
Nov-27-2012,9423.3,Nikkei Index
Nov-28-2012,9308.35,Nikkei Index
Nov-29-2012,9400.88,Nikkei Index
Nov-30-2012,9446.01,Nikkei Index
Dec-03-2012,9458.18,Nikkei Index
Dec-04-2012,9432.46,Nikkei Index
Dec-05-2012,9468.84,Nikkei Index
Dec-06-2012,9545.16,Nikkei Index
Dec-07-2012,9527.39,Nikkei Index
Dec-10-2012,9533.75,Nikkei Index
Dec-11-2012,9525.32,Nikkei Index
Dec-12-2012,9581.46,Nikkei Index
Dec-13-2012,9742.73,Nikkei Index
Dec-14-2012,9737.56,Nikkei Index
Dec-17-2012,9828.88,Nikkei Index
Dec-18-2012,9923.01,Nikkei Index
Dec-19-2012,10160.4,Nikkei Index
Dec-20-2012,10039.33,Nikkei Index
Dec-21-2012,9940.06,Nikkei Index
Dec-25-2012,10080.12,Nikkei Index
Dec-26-2012,10230.36,Nikkei Index
Dec-27-2012,10322.98,Nikkei Index
Dec-28-2012,10395.18,Nikkei Index
Jan-04-2013,10688.11,Nikkei Index
Jan-07-2013,10599.01,Nikkei Index
Jan-08-2013,10508.06,Nikkei Index
Jan-09-2013,10578.57,Nikkei Index
Jan-10-2013,10652.64,Nikkei Index
Jan-11-2013,10801.57,Nikkei Index
Jan-15-2013,10879.08,Nikkei Index
Jan-16-2013,10600.44,Nikkei Index
Jan-17-2013,10609.64,Nikkei Index
Jan-18-2013,10913.3,Nikkei Index
Jan-21-2013,10747.74,Nikkei Index
Jan-22-2013,10709.93,Nikkei Index
Jan-23-2013,10486.99,Nikkei Index
Jan-24-2013,10620.87,Nikkei Index
Jan-25-2013,10926.65,Nikkei Index
Jan-28-2013,10824.31,Nikkei Index
Jan-29-2013,10866.72,Nikkei Index
Jan-30-2013,11113.95,Nikkei Index
Jan-31-2013,11138.66,Nikkei Index
Feb-01-2013,11191.34,Nikkei Index
Feb-04-2013,11260.35,Nikkei Index
Feb-05-2013,11046.92,Nikkei Index
Feb-06-2013,11463.75,Nikkei Index
Feb-07-2013,11357.07,Nikkei Index
Feb-08-2013,11153.16,Nikkei Index
Feb-12-2013,11369.12,Nikkei Index
Feb-13-2013,11251.41,Nikkei Index
Feb-14-2013,11307.28,Nikkei Index
Feb-15-2013,11173.83,Nikkei Index
Feb-18-2013,11407.87,Nikkei Index
Feb-19-2013,11372.34,Nikkei Index
Feb-20-2013,11468.28,Nikkei Index
Feb-21-2013,11309.13,Nikkei Index
Feb-22-2013,11385.94,Nikkei Index
Feb-25-2013,11662.52,Nikkei Index
Feb-26-2013,11398.81,Nikkei Index
Feb-27-2013,11253.97,Nikkei Index
Feb-28-2013,11559.36,Nikkei Index
Mar-01-2013,11606.38,Nikkei Index
Mar-04-2013,11652.29,Nikkei Index
Mar-05-2013,11683.45,Nikkei Index
Mar-06-2013,11932.27,Nikkei Index
Mar-07-2013,11968.08,Nikkei Index
Mar-08-2013,12283.62,Nikkei Index
Mar-11-2013,12349.05,Nikkei Index
Mar-12-2013,12314.81,Nikkei Index
Mar-13-2013,12239.66,Nikkei Index
Mar-14-2013,12381.19,Nikkei Index
Mar-15-2013,12560.95,Nikkei Index
Mar-18-2013,12220.63,Nikkei Index
Mar-19-2013,12468.23,Nikkei Index
Mar-21-2013,12635.69,Nikkei Index
Mar-22-2013,12338.53,Nikkei Index
Mar-25-2013,12546.46,Nikkei Index
Mar-26-2013,12471.62,Nikkei Index
Mar-27-2013,12493.79,Nikkei Index
Mar-28-2013,12335.96,Nikkei Index
Mar-29-2013,12397.91,Nikkei Index
Apr-01-2013,12135.02,Nikkei Index
Apr-02-2013,12003.43,Nikkei Index
Apr-03-2013,12362.2,Nikkei Index
Apr-04-2013,12634.54,Nikkei Index
Apr-05-2013,12833.64,Nikkei Index
Apr-08-2013,13192.59,Nikkei Index
Apr-09-2013,13192.35,Nikkei Index
Apr-10-2013,13288.13,Nikkei Index
Apr-11-2013,13549.16,Nikkei Index
Apr-12-2013,13485.14,Nikkei Index
Apr-15-2013,13275.66,Nikkei Index
Apr-16-2013,13221.44,Nikkei Index
Apr-17-2013,13382.89,Nikkei Index
Apr-18-2013,13220.07,Nikkei Index
Apr-19-2013,13316.48,Nikkei Index
Apr-22-2013,13568.37,Nikkei Index
Apr-23-2013,13529.65,Nikkei Index
Apr-24-2013,13843.46,Nikkei Index
Apr-25-2013,13926.08,Nikkei Index
Apr-26-2013,13884.13,Nikkei Index
Apr-30-2013,13860.86,Nikkei Index
May-01-2013,13799.35,Nikkei Index
May-02-2013,13694.04,Nikkei Index
May-07-2013,14180.24,Nikkei Index
May-08-2013,14285.69,Nikkei Index
May-09-2013,14191.48,Nikkei Index
May-10-2013,14607.54,Nikkei Index
May-13-2013,14782.21,Nikkei Index
May-14-2013,14758.42,Nikkei Index
May-15-2013,15096.03,Nikkei Index
May-16-2013,15037.24,Nikkei Index
May-17-2013,15138.12,Nikkei Index
May-20-2013,15360.81,Nikkei Index
May-21-2013,15381.02,Nikkei Index
May-22-2013,15627.26,Nikkei Index
May-23-2013,14483.98,Nikkei Index
May-24-2013,14612.45,Nikkei Index
May-27-2013,14142.65,Nikkei Index
May-28-2013,14311.98,Nikkei Index
May-29-2013,14326.46,Nikkei Index
May-30-2013,13589.03,Nikkei Index
May-31-2013,13774.54,Nikkei Index
Jun-03-2013,13261.82,Nikkei Index
Jun-04-2013,13533.76,Nikkei Index
Jun-05-2013,13014.87,Nikkei Index
Jun-06-2013,12904.02,Nikkei Index
Jun-07-2013,12877.53,Nikkei Index
Jun-10-2013,13514.2,Nikkei Index
Jun-11-2013,13317.62,Nikkei Index
Jun-12-2013,13289.32,Nikkei Index
Jun-13-2013,12445.38,Nikkei Index
Jun-14-2013,12686.52,Nikkei Index
Jun-17-2013,13033.12,Nikkei Index
Jun-18-2013,13007.28,Nikkei Index
Jun-19-2013,13245.22,Nikkei Index
Jun-20-2013,13014.58,Nikkei Index
Jun-21-2013,13230.13,Nikkei Index
Jun-24-2013,13062.78,Nikkei Index
Jun-25-2013,12969.34,Nikkei Index
Jun-26-2013,12834.01,Nikkei Index
Jun-27-2013,13213.55,Nikkei Index
Jun-28-2013,13677.32,Nikkei Index
Jul-01-2013,13852.5,Nikkei Index
Jul-02-2013,14098.74,Nikkei Index
Jul-03-2013,14055.56,Nikkei Index
Jul-04-2013,14018.93,Nikkei Index
Jul-05-2013,14309.97,Nikkei Index
Jul-08-2013,14109.34,Nikkei Index
Jul-09-2013,14472.9,Nikkei Index
Jul-10-2013,14416.6,Nikkei Index
Jul-11-2013,14472.58,Nikkei Index
Jul-12-2013,14506.25,Nikkei Index
Jul-16-2013,14599.12,Nikkei Index
Jul-17-2013,14615.04,Nikkei Index
Jul-18-2013,14808.5,Nikkei Index
Jul-19-2013,14589.91,Nikkei Index
Jul-22-2013,14658.04,Nikkei Index
Jul-23-2013,14778.51,Nikkei Index
Jul-24-2013,14731.28,Nikkei Index
Jul-25-2013,14562.93,Nikkei Index
Jul-26-2013,14129.98,Nikkei Index
Jul-29-2013,13661.13,Nikkei Index
Jul-30-2013,13869.82,Nikkei Index
Jul-31-2013,13668.32,Nikkei Index
Aug-01-2013,14005.77,Nikkei Index
Aug-02-2013,14466.16,Nikkei Index
Aug-05-2013,14258.04,Nikkei Index
Aug-06-2013,14401.06,Nikkei Index
Aug-07-2013,13824.94,Nikkei Index
Aug-08-2013,13605.56,Nikkei Index
Aug-09-2013,13615.19,Nikkei Index
Aug-12-2013,13519.43,Nikkei Index
Aug-13-2013,13867,Nikkei Index
Aug-14-2013,14050.16,Nikkei Index
Aug-15-2013,13752.94,Nikkei Index
Aug-16-2013,13650.11,Nikkei Index
Aug-19-2013,13758.13,Nikkei Index
Aug-20-2013,13396.38,Nikkei Index
Aug-21-2013,13424.33,Nikkei Index
Aug-22-2013,13365.17,Nikkei Index
Aug-23-2013,13660.55,Nikkei Index
Aug-26-2013,13636.28,Nikkei Index
Aug-27-2013,13542.37,Nikkei Index
Aug-28-2013,13338.46,Nikkei Index
Aug-29-2013,13459.71,Nikkei Index
Aug-30-2013,13388.86,Nikkei Index
Sep-02-2013,13572.92,Nikkei Index
Sep-03-2013,13978.44,Nikkei Index
Sep-04-2013,14053.87,Nikkei Index
Sep-05-2013,14064.82,Nikkei Index
Sep-06-2013,13860.81,Nikkei Index
Sep-09-2013,14205.23,Nikkei Index
Sep-10-2013,14423.36,Nikkei Index
Sep-11-2013,14425.07,Nikkei Index
Sep-12-2013,14387.27,Nikkei Index
Sep-13-2013,14404.67,Nikkei Index
Sep-17-2013,14311.67,Nikkei Index
Sep-18-2013,14505.36,Nikkei Index
Sep-19-2013,14766.18,Nikkei Index
Sep-20-2013,14742.42,Nikkei Index
Sep-24-2013,14732.61,Nikkei Index
Sep-25-2013,14620.53,Nikkei Index
Sep-26-2013,14799.12,Nikkei Index
Sep-27-2013,14760.07,Nikkei Index
Sep-30-2013,14455.8,Nikkei Index
Oct-01-2013,14484.72,Nikkei Index
Oct-02-2013,14170.49,Nikkei Index
Oct-03-2013,14157.25,Nikkei Index
Oct-04-2013,14024.31,Nikkei Index
Oct-07-2013,13853.32,Nikkei Index
Oct-08-2013,13894.61,Nikkei Index
Oct-09-2013,14037.84,Nikkei Index
Oct-10-2013,14194.71,Nikkei Index
Oct-11-2013,14404.74,Nikkei Index
Oct-15-2013,14441.54,Nikkei Index
Oct-16-2013,14467.14,Nikkei Index
Oct-17-2013,14586.51,Nikkei Index
Oct-18-2013,14561.54,Nikkei Index
Oct-21-2013,14693.57,Nikkei Index
Oct-22-2013,14713.25,Nikkei Index
Oct-23-2013,14426.05,Nikkei Index
Oct-24-2013,14486.41,Nikkei Index
Oct-25-2013,14088.19,Nikkei Index
Oct-28-2013,14396.04,Nikkei Index
Oct-29-2013,14325.98,Nikkei Index
Oct-30-2013,14502.35,Nikkei Index
Oct-31-2013,14327.94,Nikkei Index
Nov-01-2013,14201.57,Nikkei Index
Nov-05-2013,14225.37,Nikkei Index
Nov-06-2013,14337.31,Nikkei Index
Nov-07-2013,14228.44,Nikkei Index
Nov-08-2013,14086.8,Nikkei Index
Nov-11-2013,14269.84,Nikkei Index
Nov-12-2013,14588.68,Nikkei Index
Nov-13-2013,14567.16,Nikkei Index
Nov-14-2013,14876.41,Nikkei Index
Nov-15-2013,15165.92,Nikkei Index
Nov-18-2013,15164.3,Nikkei Index
Nov-19-2013,15126.56,Nikkei Index
Nov-20-2013,15076.08,Nikkei Index
Nov-21-2013,15365.6,Nikkei Index
Nov-22-2013,15381.72,Nikkei Index
Nov-25-2013,15619.13,Nikkei Index
Nov-26-2013,15515.24,Nikkei Index
Nov-27-2013,15449.63,Nikkei Index
Nov-28-2013,15727.12,Nikkei Index
Nov-29-2013,15661.87,Nikkei Index
Dec-02-2013,15655.07,Nikkei Index
Dec-03-2013,15749.66,Nikkei Index
Dec-04-2013,15407.94,Nikkei Index
Dec-05-2013,15177.49,Nikkei Index
Dec-06-2013,15299.86,Nikkei Index
Dec-09-2013,15650.21,Nikkei Index
Dec-10-2013,15611.31,Nikkei Index
Dec-11-2013,15515.06,Nikkei Index
Dec-12-2013,15341.82,Nikkei Index
Dec-13-2013,15403.11,Nikkei Index
Dec-16-2013,15152.91,Nikkei Index
Dec-17-2013,15278.63,Nikkei Index
Dec-18-2013,15587.8,Nikkei Index
Dec-19-2013,15859.22,Nikkei Index
Dec-20-2013,15870.42,Nikkei Index
Dec-24-2013,15889.33,Nikkei Index
Dec-25-2013,16009.99,Nikkei Index
Dec-26-2013,16174.44,Nikkei Index
Dec-27-2013,16178.94,Nikkei Index
Dec-30-2013,16291.31,Nikkei Index
Jan-06-2014,15908.88,Nikkei Index
Jan-07-2014,15814.37,Nikkei Index
Jan-08-2014,16121.45,Nikkei Index
Jan-09-2014,15880.33,Nikkei Index
Jan-10-2014,15912.06,Nikkei Index
Jan-14-2014,15422.4,Nikkei Index
Jan-15-2014,15808.73,Nikkei Index
Jan-16-2014,15747.2,Nikkei Index
Jan-17-2014,15734.46,Nikkei Index
Jan-20-2014,15641.68,Nikkei Index
Jan-21-2014,15795.96,Nikkei Index
Jan-22-2014,15820.96,Nikkei Index
Jan-23-2014,15695.89,Nikkei Index
Jan-24-2014,15391.56,Nikkei Index
Jan-27-2014,15005.73,Nikkei Index
Jan-28-2014,14980.16,Nikkei Index
Jan-29-2014,15383.91,Nikkei Index
Jan-30-2014,15007.06,Nikkei Index
Jan-31-2014,14914.53,Nikkei Index
Feb-03-2014,14619.13,Nikkei Index
Feb-04-2014,14008.47,Nikkei Index
Feb-05-2014,14180.38,Nikkei Index
Feb-06-2014,14155.12,Nikkei Index
Feb-07-2014,14462.41,Nikkei Index
Feb-10-2014,14718.34,Nikkei Index
Feb-12-2014,14800.06,Nikkei Index
Feb-13-2014,14534.74,Nikkei Index
Feb-14-2014,14313.03,Nikkei Index
Feb-17-2014,14393.11,Nikkei Index
Feb-18-2014,14843.24,Nikkei Index
Feb-19-2014,14766.53,Nikkei Index
Feb-20-2014,14449.18,Nikkei Index
Feb-21-2014,14865.67,Nikkei Index
Feb-24-2014,14837.68,Nikkei Index
Feb-25-2014,15051.6,Nikkei Index
Feb-26-2014,14970.97,Nikkei Index
Feb-27-2014,14923.11,Nikkei Index
Feb-28-2014,14841.07,Nikkei Index
Mar-03-2014,14652.23,Nikkei Index
Mar-04-2014,14721.48,Nikkei Index
Mar-05-2014,14897.63,Nikkei Index
Mar-06-2014,15134.75,Nikkei Index
Mar-07-2014,15274.07,Nikkei Index
Mar-10-2014,15120.14,Nikkei Index
Mar-11-2014,15224.11,Nikkei Index
Mar-12-2014,14830.39,Nikkei Index
Mar-13-2014,14815.98,Nikkei Index
Mar-14-2014,14327.66,Nikkei Index
Mar-17-2014,14277.67,Nikkei Index
Mar-18-2014,14411.27,Nikkei Index
Mar-19-2014,14462.52,Nikkei Index
Mar-20-2014,14224.23,Nikkei Index
Mar-24-2014,14475.3,Nikkei Index
Mar-25-2014,14423.19,Nikkei Index
Mar-26-2014,14477.16,Nikkei Index
Mar-27-2014,14622.89,Nikkei Index
Mar-28-2014,14696.03,Nikkei Index
Mar-31-2014,14827.83,Nikkei Index
Apr-01-2014,14791.99,Nikkei Index
Apr-02-2014,14946.32,Nikkei Index
Apr-03-2014,15071.88,Nikkei Index
Apr-04-2014,15063.77,Nikkei Index
Apr-07-2014,14808.85,Nikkei Index
Apr-08-2014,14606.88,Nikkei Index
Apr-09-2014,14299.69,Nikkei Index
Apr-10-2014,14300.12,Nikkei Index
Apr-11-2014,13960.05,Nikkei Index
Apr-14-2014,13910.16,Nikkei Index
Apr-15-2014,13996.81,Nikkei Index
Apr-16-2014,14417.68,Nikkei Index
Apr-17-2014,14417.53,Nikkei Index
Apr-18-2014,14516.27,Nikkei Index
Apr-21-2014,14512.38,Nikkei Index
Apr-22-2014,14388.77,Nikkei Index
Apr-23-2014,14546.27,Nikkei Index
Apr-24-2014,14404.99,Nikkei Index
Apr-25-2014,14429.26,Nikkei Index
Apr-28-2014,14288.23,Nikkei Index
Apr-30-2014,14304.11,Nikkei Index
May-01-2014,14485.13,Nikkei Index
May-02-2014,14457.51,Nikkei Index
May-07-2014,14033.45,Nikkei Index
May-08-2014,14163.78,Nikkei Index
May-09-2014,14199.59,Nikkei Index
May-12-2014,14149.52,Nikkei Index
May-13-2014,14425.44,Nikkei Index
May-14-2014,14405.76,Nikkei Index
May-15-2014,14298.21,Nikkei Index
May-16-2014,14096.59,Nikkei Index
May-19-2014,14006.44,Nikkei Index
May-20-2014,14075.25,Nikkei Index
May-21-2014,14042.17,Nikkei Index
May-22-2014,14337.79,Nikkei Index
May-23-2014,14462.17,Nikkei Index
May-26-2014,14602.52,Nikkei Index
May-27-2014,14636.52,Nikkei Index
May-28-2014,14670.95,Nikkei Index
May-29-2014,14681.72,Nikkei Index
May-30-2014,14632.38,Nikkei Index
Jun-02-2014,14935.92,Nikkei Index
Jun-03-2014,15034.25,Nikkei Index
Jun-04-2014,15067.96,Nikkei Index
Jun-05-2014,15079.37,Nikkei Index
Jun-06-2014,15077.24,Nikkei Index
Jun-09-2014,15124,Nikkei Index
Jun-10-2014,14994.8,Nikkei Index
Jun-11-2014,15069.48,Nikkei Index
Jun-12-2014,14973.53,Nikkei Index
Jun-13-2014,15097.84,Nikkei Index
Jun-16-2014,14933.29,Nikkei Index
Jun-17-2014,14975.97,Nikkei Index
Jun-18-2014,15115.8,Nikkei Index
Jun-19-2014,15361.16,Nikkei Index
Jun-20-2014,15349.42,Nikkei Index
Jun-23-2014,15369.28,Nikkei Index
Jun-24-2014,15376.24,Nikkei Index
Jun-25-2014,15266.61,Nikkei Index
Jun-26-2014,15308.49,Nikkei Index
Jun-27-2014,15095,Nikkei Index
Jun-30-2014,15162.1,Nikkei Index
Jul-01-2014,15326.2,Nikkei Index
Jul-02-2014,15369.97,Nikkei Index
Jul-03-2014,15348.29,Nikkei Index
Jul-04-2014,15437.13,Nikkei Index
Jul-07-2014,15379.44,Nikkei Index
Jul-08-2014,15314.41,Nikkei Index
Jul-09-2014,15302.65,Nikkei Index
Jul-10-2014,15216.47,Nikkei Index
Jul-11-2014,15164.04,Nikkei Index
Jul-14-2014,15296.82,Nikkei Index
Jul-15-2014,15395.16,Nikkei Index
Jul-16-2014,15379.3,Nikkei Index
Jul-17-2014,15370.26,Nikkei Index
Jul-18-2014,15215.71,Nikkei Index
Jul-22-2014,15343.28,Nikkei Index
Jul-23-2014,15328.56,Nikkei Index
Jul-24-2014,15284.42,Nikkei Index
Jul-25-2014,15457.87,Nikkei Index
Jul-28-2014,15529.4,Nikkei Index
Jul-29-2014,15618.07,Nikkei Index
Jul-30-2014,15646.23,Nikkei Index
Jul-31-2014,15620.77,Nikkei Index
Aug-01-2014,15523.11,Nikkei Index
Aug-04-2014,15474.5,Nikkei Index
Aug-05-2014,15320.31,Nikkei Index
Aug-06-2014,15159.79,Nikkei Index
Aug-07-2014,15232.37,Nikkei Index
Aug-08-2014,14778.37,Nikkei Index
Aug-11-2014,15130.52,Nikkei Index
Aug-12-2014,15161.31,Nikkei Index
Aug-13-2014,15213.63,Nikkei Index
Aug-14-2014,15314.57,Nikkei Index
Aug-15-2014,15318.34,Nikkei Index
Aug-18-2014,15322.6,Nikkei Index
Aug-19-2014,15449.79,Nikkei Index
Aug-20-2014,15454.45,Nikkei Index
Aug-21-2014,15586.2,Nikkei Index
Aug-22-2014,15539.19,Nikkei Index
Aug-25-2014,15613.25,Nikkei Index
Aug-26-2014,15521.22,Nikkei Index
Aug-27-2014,15534.82,Nikkei Index
Aug-28-2014,15459.86,Nikkei Index
Aug-29-2014,15424.59,Nikkei Index
Sep-01-2014,15476.6,Nikkei Index
Sep-02-2014,15668.6,Nikkei Index
Sep-03-2014,15728.35,Nikkei Index
Sep-04-2014,15676.18,Nikkei Index
Sep-05-2014,15668.68,Nikkei Index
Sep-08-2014,15705.11,Nikkei Index
Sep-09-2014,15749.15,Nikkei Index
Sep-10-2014,15788.78,Nikkei Index
Sep-11-2014,15909.2,Nikkei Index
Sep-12-2014,15948.29,Nikkei Index
Sep-16-2014,15911.53,Nikkei Index
Sep-17-2014,15888.67,Nikkei Index
Sep-18-2014,16067.57,Nikkei Index
Sep-19-2014,16321.17,Nikkei Index
Sep-22-2014,16205.9,Nikkei Index
Sep-24-2014,16167.45,Nikkei Index
Sep-25-2014,16374.14,Nikkei Index
Sep-26-2014,16229.86,Nikkei Index
Sep-29-2014,16310.64,Nikkei Index
Sep-30-2014,16173.52,Nikkei Index
Oct-01-2014,16082.25,Nikkei Index
Oct-02-2014,15661.99,Nikkei Index
Oct-03-2014,15708.65,Nikkei Index
Oct-06-2014,15890.95,Nikkei Index
Oct-07-2014,15783.83,Nikkei Index
Oct-08-2014,15595.98,Nikkei Index
Oct-09-2014,15478.93,Nikkei Index
Oct-10-2014,15300.55,Nikkei Index
Oct-14-2014,14936.51,Nikkei Index
Oct-15-2014,15073.52,Nikkei Index
Oct-16-2014,14738.38,Nikkei Index
Oct-17-2014,14532.51,Nikkei Index
Oct-20-2014,15111.23,Nikkei Index
Oct-21-2014,14804.28,Nikkei Index
Oct-22-2014,15195.77,Nikkei Index
Oct-23-2014,15138.96,Nikkei Index
Oct-24-2014,15291.64,Nikkei Index
Oct-27-2014,15388.72,Nikkei Index
Oct-28-2014,15329.91,Nikkei Index
Oct-29-2014,15553.91,Nikkei Index
Oct-30-2014,15658.2,Nikkei Index
Oct-31-2014,16413.76,Nikkei Index
Nov-04-2014,16862.47,Nikkei Index
Nov-05-2014,16937.32,Nikkei Index
Nov-06-2014,16792.48,Nikkei Index
Nov-07-2014,16880.38,Nikkei Index
Nov-10-2014,16780.53,Nikkei Index
Nov-11-2014,17124.11,Nikkei Index
Nov-12-2014,17197.05,Nikkei Index
Nov-13-2014,17392.79,Nikkei Index
Nov-14-2014,17490.83,Nikkei Index
Nov-17-2014,16973.8,Nikkei Index
Nov-18-2014,17344.06,Nikkei Index
Nov-19-2014,17288.75,Nikkei Index
Nov-20-2014,17300.86,Nikkei Index
Nov-21-2014,17357.51,Nikkei Index
Nov-25-2014,17407.62,Nikkei Index
Nov-26-2014,17383.58,Nikkei Index
Nov-27-2014,17248.5,Nikkei Index
Nov-28-2014,17459.85,Nikkei Index
Dec-01-2014,17590.1,Nikkei Index
Dec-02-2014,17663.22,Nikkei Index
Dec-03-2014,17720.43,Nikkei Index
Dec-04-2014,17887.21,Nikkei Index
Dec-05-2014,17920.45,Nikkei Index
Dec-08-2014,17935.64,Nikkei Index
Dec-09-2014,17813.38,Nikkei Index
Dec-10-2014,17412.58,Nikkei Index
Dec-11-2014,17257.4,Nikkei Index
Dec-12-2014,17371.58,Nikkei Index
Dec-15-2014,17099.4,Nikkei Index
Dec-16-2014,16755.32,Nikkei Index
Dec-17-2014,16819.73,Nikkei Index
Dec-18-2014,17210.05,Nikkei Index
Dec-19-2014,17621.4,Nikkei Index
Dec-22-2014,17635.14,Nikkei Index
Dec-24-2014,17854.23,Nikkei Index
Dec-25-2014,17808.75,Nikkei Index
Dec-26-2014,17818.96,Nikkei Index
Dec-29-2014,17729.84,Nikkei Index
Dec-30-2014,17450.77,Nikkei Index
Jan-05-2015,17408.71,Nikkei Index
Jan-06-2015,16883.19,Nikkei Index
Jan-07-2015,16885.33,Nikkei Index
Jan-08-2015,17167.1,Nikkei Index
Jan-09-2015,17197.73,Nikkei Index
Jan-13-2015,17087.71,Nikkei Index
Jan-14-2015,16795.96,Nikkei Index
Jan-15-2015,17108.7,Nikkei Index
Jan-16-2015,16864.16,Nikkei Index
Jan-19-2015,17014.29,Nikkei Index
Jan-20-2015,17366.3,Nikkei Index
Jan-21-2015,17280.48,Nikkei Index
Jan-22-2015,17329.02,Nikkei Index
Jan-23-2015,17511.75,Nikkei Index
Jan-26-2015,17468.52,Nikkei Index
Jan-27-2015,17768.3,Nikkei Index
Jan-28-2015,17795.73,Nikkei Index
Jan-29-2015,17606.22,Nikkei Index
Jan-30-2015,17674.39,Nikkei Index
Feb-02-2015,17558.04,Nikkei Index
Feb-03-2015,17335.85,Nikkei Index
Feb-04-2015,17678.74,Nikkei Index
Feb-05-2015,17504.62,Nikkei Index
Feb-06-2015,17648.5,Nikkei Index
Feb-09-2015,17711.93,Nikkei Index
Feb-10-2015,17652.68,Nikkei Index
Feb-12-2015,17979.72,Nikkei Index
Feb-13-2015,17913.36,Nikkei Index
Feb-16-2015,18004.77,Nikkei Index
Feb-17-2015,17987.09,Nikkei Index
Feb-18-2015,18199.17,Nikkei Index
Feb-19-2015,18264.79,Nikkei Index
Feb-20-2015,18332.3,Nikkei Index
Feb-23-2015,18466.92,Nikkei Index
Feb-24-2015,18603.48,Nikkei Index
Feb-25-2015,18585.2,Nikkei Index
Feb-26-2015,18785.79,Nikkei Index
Feb-27-2015,18797.94,Nikkei Index
Mar-02-2015,18826.88,Nikkei Index
Mar-03-2015,18815.16,Nikkei Index
Mar-04-2015,18703.6,Nikkei Index
Mar-05-2015,18751.84,Nikkei Index
Mar-06-2015,18971,Nikkei Index
Mar-09-2015,18790.55,Nikkei Index
Mar-10-2015,18665.11,Nikkei Index
Mar-11-2015,18723.52,Nikkei Index
Mar-12-2015,18991.11,Nikkei Index
Mar-13-2015,19254.25,Nikkei Index
Mar-16-2015,19246.06,Nikkei Index
Mar-17-2015,19437,Nikkei Index
Mar-18-2015,19544.48,Nikkei Index
Mar-19-2015,19476.56,Nikkei Index
Mar-20-2015,19560.22,Nikkei Index
Mar-23-2015,19754.36,Nikkei Index
Mar-24-2015,19713.45,Nikkei Index
Mar-25-2015,19746.2,Nikkei Index
Mar-26-2015,19471.12,Nikkei Index
Mar-27-2015,19285.63,Nikkei Index
Mar-30-2015,19411.4,Nikkei Index
Mar-31-2015,19206.99,Nikkei Index
Apr-01-2015,19034.84,Nikkei Index
Apr-02-2015,19312.79,Nikkei Index
Apr-03-2015,19435.08,Nikkei Index
Apr-06-2015,19397.98,Nikkei Index
Apr-07-2015,19640.54,Nikkei Index
Apr-08-2015,19789.81,Nikkei Index
Apr-09-2015,19937.72,Nikkei Index
Apr-10-2015,19907.63,Nikkei Index
Apr-13-2015,19905.46,Nikkei Index
Apr-14-2015,19908.68,Nikkei Index
Apr-15-2015,19869.76,Nikkei Index
Apr-16-2015,19885.77,Nikkei Index
Apr-17-2015,19652.88,Nikkei Index
Apr-20-2015,19634.49,Nikkei Index
Apr-21-2015,19909.09,Nikkei Index
Apr-22-2015,20133.9,Nikkei Index
Apr-23-2015,20187.65,Nikkei Index
Apr-24-2015,20020.04,Nikkei Index
Apr-27-2015,19983.32,Nikkei Index
Apr-28-2015,20058.95,Nikkei Index
Apr-30-2015,19520.01,Nikkei Index
May-01-2015,19531.63,Nikkei Index
May-07-2015,19291.99,Nikkei Index
May-08-2015,19379.19,Nikkei Index
May-11-2015,19620.91,Nikkei Index
May-12-2015,19624.84,Nikkei Index
May-13-2015,19764.72,Nikkei Index
May-14-2015,19570.24,Nikkei Index
May-15-2015,19732.92,Nikkei Index
May-18-2015,19890.27,Nikkei Index
May-19-2015,20026.38,Nikkei Index
May-20-2015,20196.56,Nikkei Index
May-21-2015,20202.87,Nikkei Index
May-22-2015,20264.41,Nikkei Index
May-25-2015,20413.77,Nikkei Index
May-26-2015,20437.48,Nikkei Index
May-27-2015,20472.58,Nikkei Index
May-28-2015,20551.46,Nikkei Index
May-29-2015,20563.15,Nikkei Index
Jun-01-2015,20569.87,Nikkei Index
Jun-02-2015,20543.19,Nikkei Index
Jun-03-2015,20473.51,Nikkei Index
Jun-04-2015,20488.19,Nikkei Index
Jun-05-2015,20460.9,Nikkei Index
Jun-08-2015,20457.19,Nikkei Index
Jun-09-2015,20096.3,Nikkei Index
Jun-10-2015,20046.36,Nikkei Index
Jun-11-2015,20382.97,Nikkei Index
Jun-12-2015,20407.08,Nikkei Index
Jun-15-2015,20387.79,Nikkei Index
Jun-16-2015,20257.94,Nikkei Index
Jun-17-2015,20219.27,Nikkei Index
Jun-18-2015,19990.82,Nikkei Index
Jun-19-2015,20174.24,Nikkei Index
Jun-22-2015,20428.19,Nikkei Index
Jun-23-2015,20809.42,Nikkei Index
Jun-24-2015,20868.03,Nikkei Index
Jun-25-2015,20771.4,Nikkei Index
Jun-26-2015,20706.15,Nikkei Index
Jun-29-2015,20109.95,Nikkei Index
Jun-30-2015,20235.73,Nikkei Index
Jul-01-2015,20329.32,Nikkei Index
Jul-02-2015,20522.5,Nikkei Index
Jul-03-2015,20539.79,Nikkei Index
Jul-06-2015,20112.12,Nikkei Index
Jul-07-2015,20376.59,Nikkei Index
Jul-08-2015,19737.64,Nikkei Index
Jul-09-2015,19855.5,Nikkei Index
Jul-10-2015,19779.83,Nikkei Index
Jul-13-2015,20089.77,Nikkei Index
Jul-14-2015,20385.33,Nikkei Index
Jul-15-2015,20463.33,Nikkei Index
Jul-16-2015,20600.12,Nikkei Index
Jul-17-2015,20650.92,Nikkei Index
Jul-21-2015,20841.97,Nikkei Index
Jul-22-2015,20593.67,Nikkei Index
Jul-23-2015,20683.95,Nikkei Index
Jul-24-2015,20544.53,Nikkei Index
Jul-27-2015,20350.1,Nikkei Index
Jul-28-2015,20328.89,Nikkei Index
Jul-29-2015,20302.91,Nikkei Index
Jul-30-2015,20522.83,Nikkei Index
Jul-31-2015,20585.24,Nikkei Index
Aug-03-2015,20548.11,Nikkei Index
Aug-04-2015,20520.36,Nikkei Index
Aug-05-2015,20614.06,Nikkei Index
Aug-06-2015,20664.44,Nikkei Index
Aug-07-2015,20724.56,Nikkei Index
Aug-10-2015,20808.69,Nikkei Index
Aug-11-2015,20720.75,Nikkei Index
Aug-12-2015,20392.77,Nikkei Index
Aug-13-2015,20595.55,Nikkei Index
Aug-14-2015,20519.45,Nikkei Index
Aug-17-2015,20620.26,Nikkei Index
Aug-18-2015,20554.47,Nikkei Index
Aug-19-2015,20222.63,Nikkei Index
Aug-20-2015,20033.52,Nikkei Index
Aug-21-2015,19435.83,Nikkei Index
Aug-24-2015,18540.68,Nikkei Index
Aug-25-2015,17806.7,Nikkei Index
Aug-26-2015,18376.83,Nikkei Index
Aug-27-2015,18574.44,Nikkei Index
Aug-28-2015,19136.32,Nikkei Index
Aug-31-2015,18890.48,Nikkei Index
Sep-01-2015,18165.69,Nikkei Index
Sep-02-2015,18095.4,Nikkei Index
Sep-03-2015,18182.39,Nikkei Index
Sep-04-2015,17792.16,Nikkei Index
Sep-07-2015,17860.47,Nikkei Index
Sep-08-2015,17427.08,Nikkei Index
Sep-09-2015,18770.51,Nikkei Index
Sep-10-2015,18299.62,Nikkei Index
Sep-11-2015,18264.22,Nikkei Index
Sep-14-2015,17965.7,Nikkei Index
Sep-15-2015,18026.48,Nikkei Index
Sep-16-2015,18171.6,Nikkei Index
Sep-17-2015,18432.27,Nikkei Index
Sep-18-2015,18070.21,Nikkei Index
Sep-24-2015,17571.83,Nikkei Index
Sep-25-2015,17880.51,Nikkei Index
Sep-28-2015,17645.11,Nikkei Index
Sep-29-2015,16930.84,Nikkei Index
Sep-30-2015,17388.15,Nikkei Index
Oct-01-2015,17722.42,Nikkei Index
Oct-02-2015,17725.13,Nikkei Index
Oct-05-2015,18005.49,Nikkei Index
Oct-06-2015,18186.1,Nikkei Index
Oct-07-2015,18322.98,Nikkei Index
Oct-08-2015,18141.17,Nikkei Index
Oct-09-2015,18438.67,Nikkei Index
Oct-13-2015,18234.74,Nikkei Index
Oct-14-2015,17891,Nikkei Index
Oct-15-2015,18096.9,Nikkei Index
Oct-16-2015,18291.8,Nikkei Index
Oct-19-2015,18131.23,Nikkei Index
Oct-20-2015,18207.15,Nikkei Index
Oct-21-2015,18554.28,Nikkei Index
Oct-22-2015,18435.87,Nikkei Index
Oct-23-2015,18825.3,Nikkei Index
Oct-26-2015,18947.12,Nikkei Index
Oct-27-2015,18777.04,Nikkei Index
Oct-28-2015,18903.02,Nikkei Index
Oct-29-2015,18935.71,Nikkei Index
Oct-30-2015,19083.1,Nikkei Index
Nov-02-2015,18683.24,Nikkei Index
Nov-04-2015,18926.91,Nikkei Index
Nov-05-2015,19116.41,Nikkei Index
Nov-06-2015,19265.6,Nikkei Index
Nov-09-2015,19642.74,Nikkei Index
Nov-10-2015,19671.26,Nikkei Index
Nov-11-2015,19691.39,Nikkei Index
Nov-12-2015,19697.77,Nikkei Index
Nov-13-2015,19596.91,Nikkei Index
Nov-16-2015,19393.69,Nikkei Index
Nov-17-2015,19630.63,Nikkei Index
Nov-18-2015,19649.18,Nikkei Index
Nov-19-2015,19859.81,Nikkei Index
Nov-20-2015,19879.81,Nikkei Index
Nov-24-2015,19924.89,Nikkei Index
Nov-25-2015,19847.58,Nikkei Index
Nov-26-2015,19944.41,Nikkei Index
Nov-27-2015,19883.94,Nikkei Index
Nov-30-2015,19747.47,Nikkei Index
Dec-01-2015,20012.4,Nikkei Index
Dec-02-2015,19938.13,Nikkei Index
Dec-03-2015,19939.9,Nikkei Index
Dec-04-2015,19504.48,Nikkei Index
Dec-07-2015,19698.15,Nikkei Index
Dec-08-2015,19492.6,Nikkei Index
Dec-09-2015,19301.07,Nikkei Index
Dec-10-2015,19046.55,Nikkei Index
Dec-11-2015,19230.48,Nikkei Index
Dec-14-2015,18883.42,Nikkei Index
Dec-15-2015,18565.9,Nikkei Index
Dec-16-2015,19049.91,Nikkei Index
Dec-17-2015,19353.56,Nikkei Index
Dec-18-2015,18986.8,Nikkei Index
Dec-21-2015,18916.02,Nikkei Index
Dec-22-2015,18886.7,Nikkei Index
Dec-24-2015,18789.69,Nikkei Index
Dec-25-2015,18769.06,Nikkei Index
Dec-28-2015,18873.35,Nikkei Index
Dec-29-2015,18982.23,Nikkei Index
Dec-30-2015,19033.71,Nikkei Index
Jan-04-2016,18450.98,Nikkei Index
Jan-05-2016,18374,Nikkei Index
Jan-06-2016,18191.32,Nikkei Index
Jan-07-2016,17767.34,Nikkei Index
Jan-08-2016,17697.96,Nikkei Index
Jan-12-2016,17218.96,Nikkei Index
Jan-13-2016,17715.63,Nikkei Index
Jan-14-2016,17240.95,Nikkei Index
Jan-15-2016,17147.11,Nikkei Index
Jan-18-2016,16955.57,Nikkei Index
Jan-19-2016,17048.37,Nikkei Index
Jan-20-2016,16416.19,Nikkei Index
Jan-21-2016,16017.26,Nikkei Index
Jan-22-2016,16958.53,Nikkei Index
Jan-25-2016,17110.91,Nikkei Index
Jan-26-2016,16708.9,Nikkei Index
Jan-27-2016,17163.92,Nikkei Index
Jan-28-2016,17041.45,Nikkei Index
Jan-29-2016,17518.3,Nikkei Index
Feb-01-2016,17865.23,Nikkei Index
Feb-02-2016,17750.68,Nikkei Index
Feb-03-2016,17191.25,Nikkei Index
Feb-04-2016,17044.99,Nikkei Index
Feb-05-2016,16819.59,Nikkei Index
Feb-08-2016,17004.3,Nikkei Index
Feb-09-2016,16085.44,Nikkei Index
Feb-10-2016,15713.39,Nikkei Index
Feb-12-2016,14952.61,Nikkei Index
Feb-15-2016,16022.58,Nikkei Index
Feb-16-2016,16054.43,Nikkei Index
Feb-17-2016,15836.36,Nikkei Index
Feb-18-2016,16196.8,Nikkei Index
Feb-19-2016,15967.17,Nikkei Index
Feb-22-2016,16111.05,Nikkei Index
Feb-23-2016,16052.05,Nikkei Index
Feb-24-2016,15915.79,Nikkei Index
Feb-25-2016,16140.34,Nikkei Index
Feb-26-2016,16188.41,Nikkei Index
Feb-29-2016,16026.76,Nikkei Index
Mar-01-2016,16085.51,Nikkei Index
Mar-02-2016,16746.55,Nikkei Index
Mar-03-2016,16960.16,Nikkei Index
Mar-04-2016,17014.78,Nikkei Index
Mar-07-2016,16911.32,Nikkei Index
Mar-08-2016,16783.15,Nikkei Index
Mar-09-2016,16642.2,Nikkei Index
Mar-10-2016,16852.35,Nikkei Index
Mar-11-2016,16938.87,Nikkei Index
Mar-14-2016,17233.75,Nikkei Index
Mar-15-2016,17117.07,Nikkei Index
Mar-16-2016,16974.45,Nikkei Index
Mar-17-2016,16936.38,Nikkei Index
Mar-18-2016,16724.81,Nikkei Index
Mar-22-2016,17048.55,Nikkei Index
Mar-23-2016,17000.98,Nikkei Index
Mar-24-2016,16892.33,Nikkei Index
Mar-25-2016,17002.75,Nikkei Index
Mar-28-2016,17134.37,Nikkei Index
Mar-29-2016,17103.53,Nikkei Index
Mar-30-2016,16878.96,Nikkei Index
Mar-31-2016,16758.67,Nikkei Index
Apr-01-2016,16164.16,Nikkei Index
Apr-04-2016,16123.27,Nikkei Index
Apr-05-2016,15732.82,Nikkei Index
Apr-06-2016,15715.36,Nikkei Index
Apr-07-2016,15749.84,Nikkei Index
Apr-08-2016,15821.52,Nikkei Index
Apr-11-2016,15751.13,Nikkei Index
Apr-12-2016,15928.79,Nikkei Index
Apr-13-2016,16381.22,Nikkei Index
Apr-14-2016,16911.05,Nikkei Index
Apr-15-2016,16848.03,Nikkei Index
Apr-18-2016,16275.95,Nikkei Index
Apr-19-2016,16874.44,Nikkei Index
Apr-20-2016,16906.54,Nikkei Index
Apr-21-2016,17363.62,Nikkei Index
Apr-22-2016,17572.49,Nikkei Index
Apr-25-2016,17439.3,Nikkei Index
Apr-26-2016,17353.28,Nikkei Index
Apr-27-2016,17290.49,Nikkei Index
Apr-28-2016,16666.05,Nikkei Index
May-02-2016,16147.38,Nikkei Index
May-06-2016,16106.72,Nikkei Index
May-09-2016,16216.03,Nikkei Index
May-10-2016,16565.19,Nikkei Index
May-11-2016,16579.01,Nikkei Index
May-12-2016,16646.34,Nikkei Index
May-13-2016,16412.21,Nikkei Index
May-16-2016,16466.4,Nikkei Index
May-17-2016,16652.8,Nikkei Index
May-18-2016,16644.69,Nikkei Index
May-19-2016,16646.66,Nikkei Index
May-20-2016,16736.35,Nikkei Index
May-23-2016,16654.6,Nikkei Index
May-24-2016,16498.76,Nikkei Index
May-25-2016,16757.35,Nikkei Index
May-26-2016,16772.46,Nikkei Index
May-27-2016,16834.84,Nikkei Index
May-30-2016,17068.02,Nikkei Index
May-31-2016,17234.98,Nikkei Index
Jun-01-2016,16955.73,Nikkei Index
Jun-02-2016,16562.55,Nikkei Index
Jun-03-2016,16642.23,Nikkei Index
Jun-06-2016,16580.03,Nikkei Index
Jun-07-2016,16675.45,Nikkei Index
Jun-08-2016,16830.92,Nikkei Index
Jun-09-2016,16668.41,Nikkei Index
Jun-10-2016,16601.36,Nikkei Index
Jun-13-2016,16019.18,Nikkei Index
Jun-14-2016,15859,Nikkei Index
Jun-15-2016,15919.58,Nikkei Index
Jun-16-2016,15434.14,Nikkei Index
Jun-17-2016,15599.66,Nikkei Index
Jun-20-2016,15965.3,Nikkei Index
Jun-21-2016,16169.11,Nikkei Index
Jun-22-2016,16065.72,Nikkei Index
Jun-23-2016,16238.35,Nikkei Index
Jun-24-2016,14952.02,Nikkei Index
Jun-27-2016,15309.21,Nikkei Index
Jun-28-2016,15323.14,Nikkei Index
Jun-29-2016,15566.83,Nikkei Index
Jun-30-2016,15575.92,Nikkei Index
Jul-01-2016,15682.48,Nikkei Index
Jul-04-2016,15775.8,Nikkei Index
Jul-05-2016,15669.33,Nikkei Index
Jul-06-2016,15378.99,Nikkei Index
Jul-07-2016,15276.24,Nikkei Index
Jul-08-2016,15106.98,Nikkei Index
Jul-11-2016,15708.82,Nikkei Index
Jul-12-2016,16095.65,Nikkei Index
Jul-13-2016,16231.43,Nikkei Index
Jul-14-2016,16385.89,Nikkei Index
Jul-15-2016,16497.85,Nikkei Index
Jul-19-2016,16723.31,Nikkei Index
Jul-20-2016,16681.89,Nikkei Index
Jul-21-2016,16810.22,Nikkei Index
Jul-22-2016,16627.25,Nikkei Index
Jul-25-2016,16620.29,Nikkei Index
Jul-26-2016,16383.04,Nikkei Index
Jul-27-2016,16664.82,Nikkei Index
Jul-28-2016,16476.84,Nikkei Index
Jul-29-2016,16569.27,Nikkei Index
Aug-01-2016,16635.77,Nikkei Index
Aug-02-2016,16391.45,Nikkei Index
Aug-03-2016,16083.11,Nikkei Index
Aug-04-2016,16254.89,Nikkei Index
Aug-05-2016,16254.45,Nikkei Index
Aug-08-2016,16650.57,Nikkei Index
Aug-09-2016,16764.97,Nikkei Index
Aug-10-2016,16735.12,Nikkei Index
Aug-12-2016,16919.92,Nikkei Index
Aug-15-2016,16869.56,Nikkei Index
Aug-16-2016,16596.51,Nikkei Index
Aug-17-2016,16745.64,Nikkei Index
Aug-18-2016,16486.01,Nikkei Index
Aug-19-2016,16545.82,Nikkei Index
Aug-22-2016,16598.19,Nikkei Index
Aug-23-2016,16497.36,Nikkei Index
Aug-24-2016,16597.3,Nikkei Index
Aug-25-2016,16555.95,Nikkei Index
Aug-26-2016,16360.71,Nikkei Index
Aug-29-2016,16737.49,Nikkei Index
Aug-30-2016,16725.36,Nikkei Index
Aug-31-2016,16887.4,Nikkei Index
Sep-01-2016,16926.84,Nikkei Index
Sep-02-2016,16925.68,Nikkei Index
Sep-05-2016,17037.63,Nikkei Index
Sep-06-2016,17081.98,Nikkei Index
Sep-07-2016,17012.44,Nikkei Index
Sep-08-2016,16958.77,Nikkei Index
Sep-09-2016,16965.76,Nikkei Index
Sep-12-2016,16672.92,Nikkei Index
Sep-13-2016,16729.04,Nikkei Index
Sep-14-2016,16614.24,Nikkei Index
Sep-15-2016,16405.01,Nikkei Index
Sep-16-2016,16519.29,Nikkei Index
Sep-20-2016,16492.15,Nikkei Index
Sep-21-2016,16807.62,Nikkei Index
Sep-23-2016,16754.02,Nikkei Index
Sep-26-2016,16544.56,Nikkei Index
Sep-27-2016,16683.93,Nikkei Index
Sep-28-2016,16465.4,Nikkei Index
Sep-29-2016,16693.71,Nikkei Index
Sep-30-2016,16449.84,Nikkei Index
Oct-03-2016,16598.67,Nikkei Index
Oct-04-2016,16735.65,Nikkei Index
Oct-05-2016,16819.24,Nikkei Index
Oct-06-2016,16899.1,Nikkei Index
Oct-07-2016,16860.09,Nikkei Index
Oct-11-2016,17024.76,Nikkei Index
Oct-12-2016,16840,Nikkei Index
Oct-13-2016,16774.24,Nikkei Index
Oct-14-2016,16856.37,Nikkei Index
Oct-17-2016,16900.12,Nikkei Index
Oct-18-2016,16963.61,Nikkei Index
Oct-19-2016,16998.91,Nikkei Index
Oct-20-2016,17235.5,Nikkei Index
Oct-21-2016,17184.59,Nikkei Index
Oct-24-2016,17234.42,Nikkei Index
Oct-25-2016,17365.25,Nikkei Index
Oct-26-2016,17391.84,Nikkei Index
Oct-27-2016,17336.42,Nikkei Index
Oct-28-2016,17446.41,Nikkei Index
Oct-31-2016,17425.02,Nikkei Index
Nov-01-2016,17442.4,Nikkei Index
Nov-02-2016,17134.68,Nikkei Index
Nov-04-2016,16905.36,Nikkei Index
Nov-07-2016,17177.21,Nikkei Index
Nov-08-2016,17171.38,Nikkei Index
Nov-09-2016,16251.54,Nikkei Index
Nov-10-2016,17344.42,Nikkei Index
Nov-11-2016,17374.79,Nikkei Index
Nov-14-2016,17672.62,Nikkei Index
Nov-15-2016,17668.15,Nikkei Index
Nov-16-2016,17862.21,Nikkei Index
Nov-17-2016,17862.63,Nikkei Index
Nov-18-2016,17967.41,Nikkei Index
Nov-21-2016,18106.02,Nikkei Index
Nov-22-2016,18162.94,Nikkei Index
Nov-24-2016,18333.41,Nikkei Index
Nov-25-2016,18381.22,Nikkei Index
Nov-28-2016,18356.89,Nikkei Index
Nov-29-2016,18307.04,Nikkei Index
Nov-30-2016,18308.48,Nikkei Index
Dec-01-2016,18513.12,Nikkei Index
Dec-02-2016,18426.08,Nikkei Index
Dec-05-2016,18274.99,Nikkei Index
Dec-06-2016,18360.54,Nikkei Index
Dec-07-2016,18496.69,Nikkei Index
Dec-08-2016,18765.47,Nikkei Index
Dec-09-2016,18996.37,Nikkei Index
Dec-12-2016,19155.03,Nikkei Index
Dec-13-2016,19250.52,Nikkei Index
Dec-14-2016,19253.61,Nikkei Index
Dec-15-2016,19273.79,Nikkei Index
Dec-16-2016,19401.15,Nikkei Index
Dec-19-2016,19391.6,Nikkei Index
Dec-20-2016,19494.53,Nikkei Index
Dec-21-2016,19444.49,Nikkei Index
Dec-22-2016,19427.67,Nikkei Index
Dec-26-2016,19396.64,Nikkei Index
Dec-27-2016,19403.06,Nikkei Index
Dec-28-2016,19401.72,Nikkei Index
Dec-29-2016,19145.14,Nikkei Index
Dec-30-2016,19114.37,Nikkei Index
Jan-04-2017,19594.16,Nikkei Index
Jan-05-2017,19520.69,Nikkei Index
Jan-06-2017,19454.33,Nikkei Index
Jan-10-2017,19301.44,Nikkei Index
Jan-11-2017,19364.67,Nikkei Index
Jan-12-2017,19134.7,Nikkei Index
Jan-13-2017,19287.28,Nikkei Index
Jan-16-2017,19095.24,Nikkei Index
Jan-17-2017,18813.53,Nikkei Index
Jan-18-2017,18894.37,Nikkei Index
Jan-19-2017,19072.25,Nikkei Index
Jan-20-2017,19137.91,Nikkei Index
Jan-23-2017,18891.03,Nikkei Index
Jan-24-2017,18787.99,Nikkei Index
Jan-25-2017,19057.5,Nikkei Index
Jan-26-2017,19402.39,Nikkei Index
Jan-27-2017,19467.4,Nikkei Index
Jan-30-2017,19368.85,Nikkei Index
Jan-31-2017,19041.34,Nikkei Index
Feb-01-2017,19148.08,Nikkei Index
Feb-02-2017,18914.58,Nikkei Index
Feb-03-2017,18918.2,Nikkei Index
Feb-06-2017,18976.71,Nikkei Index
Feb-07-2017,18910.78,Nikkei Index
Feb-08-2017,19007.6,Nikkei Index
Feb-09-2017,18907.67,Nikkei Index
Feb-10-2017,19378.93,Nikkei Index
Feb-13-2017,19459.15,Nikkei Index
Feb-14-2017,19238.98,Nikkei Index
Feb-15-2017,19437.98,Nikkei Index
Feb-16-2017,19347.53,Nikkei Index
Feb-17-2017,19234.62,Nikkei Index
Feb-20-2017,19251.08,Nikkei Index
Feb-21-2017,19381.44,Nikkei Index
Feb-22-2017,19379.87,Nikkei Index
Feb-23-2017,19371.46,Nikkei Index
Feb-24-2017,19283.54,Nikkei Index
Feb-27-2017,19107.47,Nikkei Index
Feb-28-2017,19118.99,Nikkei Index
Mar-01-2017,19393.54,Nikkei Index
Mar-02-2017,19564.8,Nikkei Index
Mar-03-2017,19469.17,Nikkei Index
Mar-06-2017,19379.14,Nikkei Index
Mar-07-2017,19344.15,Nikkei Index
Mar-08-2017,19254.03,Nikkei Index
Mar-09-2017,19318.58,Nikkei Index
Mar-10-2017,19604.61,Nikkei Index
Mar-13-2017,19633.75,Nikkei Index
Mar-14-2017,19609.5,Nikkei Index
Mar-15-2017,19577.38,Nikkei Index
Mar-16-2017,19590.14,Nikkei Index
Mar-17-2017,19521.59,Nikkei Index
Mar-21-2017,19455.88,Nikkei Index
Mar-22-2017,19041.38,Nikkei Index
Mar-23-2017,19085.31,Nikkei Index
Mar-24-2017,19262.53,Nikkei Index
Mar-27-2017,18985.59,Nikkei Index
Mar-28-2017,19202.87,Nikkei Index
Mar-29-2017,19217.48,Nikkei Index
Mar-30-2017,19063.22,Nikkei Index
Mar-31-2017,18909.26,Nikkei Index
Apr-03-2017,18983.23,Nikkei Index
Apr-04-2017,18810.25,Nikkei Index
Apr-05-2017,18861.27,Nikkei Index
Apr-06-2017,18597.06,Nikkei Index
Apr-07-2017,18664.63,Nikkei Index
Apr-10-2017,18797.88,Nikkei Index
Apr-11-2017,18747.87,Nikkei Index
Apr-12-2017,18552.61,Nikkei Index
Apr-13-2017,18426.84,Nikkei Index
Apr-14-2017,18335.63,Nikkei Index
Apr-17-2017,18355.26,Nikkei Index
Apr-18-2017,18418.59,Nikkei Index
Apr-19-2017,18432.2,Nikkei Index
Apr-20-2017,18430.49,Nikkei Index
Apr-21-2017,18620.75,Nikkei Index
Apr-24-2017,18875.88,Nikkei Index
Apr-25-2017,19079.33,Nikkei Index
Apr-26-2017,19289.43,Nikkei Index
Apr-27-2017,19251.87,Nikkei Index
Apr-28-2017,19196.74,Nikkei Index
May-01-2017,19310.52,Nikkei Index
May-02-2017,19445.7,Nikkei Index
May-08-2017,19895.7,Nikkei Index
May-09-2017,19843,Nikkei Index
May-10-2017,19900.09,Nikkei Index
May-11-2017,19961.55,Nikkei Index
May-12-2017,19883.9,Nikkei Index
May-15-2017,19869.85,Nikkei Index
May-16-2017,19919.82,Nikkei Index
May-17-2017,19814.88,Nikkei Index
May-18-2017,19553.86,Nikkei Index
May-19-2017,19590.76,Nikkei Index
May-22-2017,19678.28,Nikkei Index
May-23-2017,19613.28,Nikkei Index
May-24-2017,19742.98,Nikkei Index
May-25-2017,19813.13,Nikkei Index
May-26-2017,19686.84,Nikkei Index
May-29-2017,19682.57,Nikkei Index
May-30-2017,19677.85,Nikkei Index
May-31-2017,19650.57,Nikkei Index
Jun-01-2017,19860.03,Nikkei Index
Jun-02-2017,20177.28,Nikkei Index
Jun-05-2017,20170.82,Nikkei Index
Jun-06-2017,19979.9,Nikkei Index
Jun-07-2017,19984.62,Nikkei Index
Jun-08-2017,19909.26,Nikkei Index
Jun-09-2017,20013.26,Nikkei Index
Jun-12-2017,19908.58,Nikkei Index
Jun-13-2017,19898.75,Nikkei Index
Jun-14-2017,19883.52,Nikkei Index
Jun-15-2017,19831.82,Nikkei Index
Jun-16-2017,19943.26,Nikkei Index
Jun-19-2017,20067.75,Nikkei Index
Jun-20-2017,20230.41,Nikkei Index
Jun-21-2017,20138.79,Nikkei Index
Jun-22-2017,20110.51,Nikkei Index
Jun-23-2017,20132.67,Nikkei Index
Jun-26-2017,20153.35,Nikkei Index
Jun-27-2017,20225.09,Nikkei Index
Jun-28-2017,20130.41,Nikkei Index
Jun-29-2017,20220.3,Nikkei Index
Jun-30-2017,20033.43,Nikkei Index
Jul-03-2017,20055.8,Nikkei Index
Jul-04-2017,20032.35,Nikkei Index
Jul-05-2017,20081.63,Nikkei Index
Jul-06-2017,19994.06,Nikkei Index
Jul-07-2017,19929.09,Nikkei Index
Jul-10-2017,20080.98,Nikkei Index
Jul-11-2017,20195.48,Nikkei Index
Jul-12-2017,20098.38,Nikkei Index
Jul-13-2017,20099.81,Nikkei Index
Jul-14-2017,20118.86,Nikkei Index
Jul-18-2017,19999.91,Nikkei Index
Jul-19-2017,20020.86,Nikkei Index
Jul-20-2017,20144.59,Nikkei Index
Jul-21-2017,20099.75,Nikkei Index
Jul-24-2017,19975.67,Nikkei Index
Jul-25-2017,19955.2,Nikkei Index
Jul-26-2017,20050.16,Nikkei Index
Jul-27-2017,20079.64,Nikkei Index
Jul-28-2017,19959.84,Nikkei Index
Jul-31-2017,19925.18,Nikkei Index
Aug-01-2017,19985.79,Nikkei Index
Aug-02-2017,20080.04,Nikkei Index
Aug-03-2017,20029.26,Nikkei Index
Aug-04-2017,19952.33,Nikkei Index
Aug-07-2017,20055.89,Nikkei Index
Aug-08-2017,19996.01,Nikkei Index
Aug-09-2017,19738.71,Nikkei Index
Aug-10-2017,19729.74,Nikkei Index
Aug-14-2017,19537.1,Nikkei Index
Aug-15-2017,19753.31,Nikkei Index
Aug-16-2017,19729.28,Nikkei Index
Aug-17-2017,19702.63,Nikkei Index
Aug-18-2017,19470.41,Nikkei Index
Aug-21-2017,19393.13,Nikkei Index
Aug-22-2017,19383.84,Nikkei Index
Aug-23-2017,19434.64,Nikkei Index
Aug-24-2017,19353.77,Nikkei Index
Aug-25-2017,19452.61,Nikkei Index
Aug-28-2017,19449.9,Nikkei Index
Aug-29-2017,19362.55,Nikkei Index
Aug-30-2017,19506.54,Nikkei Index
Aug-31-2017,19646.24,Nikkei Index
Sep-01-2017,19691.47,Nikkei Index
Sep-04-2017,19508.25,Nikkei Index
Sep-05-2017,19385.81,Nikkei Index
Sep-06-2017,19357.97,Nikkei Index
Sep-07-2017,19396.52,Nikkei Index
Sep-08-2017,19274.82,Nikkei Index
Sep-11-2017,19545.77,Nikkei Index
Sep-12-2017,19776.62,Nikkei Index
Sep-13-2017,19865.82,Nikkei Index
Sep-14-2017,19807.44,Nikkei Index
Sep-15-2017,19909.5,Nikkei Index
Sep-19-2017,20299.38,Nikkei Index
Sep-20-2017,20310.46,Nikkei Index
Sep-21-2017,20347.48,Nikkei Index
Sep-22-2017,20296.45,Nikkei Index
Sep-25-2017,20397.58,Nikkei Index
Sep-26-2017,20330.19,Nikkei Index
Sep-27-2017,20267.05,Nikkei Index
Sep-28-2017,20363.11,Nikkei Index
Sep-29-2017,20356.28,Nikkei Index
Oct-02-2017,20400.78,Nikkei Index
Oct-03-2017,20614.07,Nikkei Index
Oct-04-2017,20626.66,Nikkei Index
Oct-05-2017,20628.56,Nikkei Index
Oct-06-2017,20690.71,Nikkei Index
Oct-10-2017,20823.51,Nikkei Index
Oct-11-2017,20881.27,Nikkei Index
Oct-12-2017,20954.72,Nikkei Index
Oct-13-2017,21155.18,Nikkei Index
Oct-16-2017,21255.56,Nikkei Index
Oct-17-2017,21336.12,Nikkei Index
Oct-18-2017,21363.05,Nikkei Index
Oct-19-2017,21448.52,Nikkei Index
Oct-20-2017,21457.64,Nikkei Index
Oct-23-2017,21696.65,Nikkei Index
Oct-24-2017,21805.17,Nikkei Index
Oct-25-2017,21707.62,Nikkei Index
Oct-26-2017,21739.78,Nikkei Index
Oct-27-2017,22008.45,Nikkei Index
Oct-30-2017,22011.67,Nikkei Index
Oct-31-2017,22011.61,Nikkei Index
Nov-01-2017,22420.08,Nikkei Index
Nov-02-2017,22539.12,Nikkei Index
Nov-06-2017,22548.35,Nikkei Index
Nov-07-2017,22937.6,Nikkei Index
Nov-08-2017,22913.82,Nikkei Index
Nov-09-2017,22868.71,Nikkei Index
Nov-10-2017,22681.42,Nikkei Index
Nov-13-2017,22380.99,Nikkei Index
Nov-14-2017,22380.01,Nikkei Index
Nov-15-2017,22028.32,Nikkei Index
Nov-16-2017,22351.12,Nikkei Index
Nov-17-2017,22396.8,Nikkei Index
Nov-20-2017,22261.76,Nikkei Index
Nov-21-2017,22416.48,Nikkei Index
Nov-22-2017,22523.15,Nikkei Index
Nov-24-2017,22550.85,Nikkei Index
Nov-27-2017,22495.99,Nikkei Index
Nov-28-2017,22486.24,Nikkei Index
Nov-29-2017,22597.2,Nikkei Index
Nov-30-2017,22724.96,Nikkei Index
Dec-01-2017,22819.03,Nikkei Index
Dec-04-2017,22707.16,Nikkei Index
Dec-05-2017,22622.38,Nikkei Index
Dec-06-2017,22177.04,Nikkei Index
Dec-07-2017,22498.03,Nikkei Index
Dec-08-2017,22811.08,Nikkei Index
Dec-11-2017,22938.73,Nikkei Index
Dec-12-2017,22866.17,Nikkei Index
Dec-13-2017,22758.07,Nikkei Index
Dec-14-2017,22694.45,Nikkei Index
Dec-15-2017,22553.22,Nikkei Index
Dec-18-2017,22901.77,Nikkei Index
Dec-19-2017,22868,Nikkei Index
Dec-20-2017,22891.72,Nikkei Index
Dec-21-2017,22866.1,Nikkei Index
Dec-22-2017,22902.76,Nikkei Index
Dec-25-2017,22939.18,Nikkei Index
Dec-26-2017,22892.69,Nikkei Index
Dec-27-2017,22911.21,Nikkei Index
Dec-28-2017,22783.98,Nikkei Index
Dec-29-2017,22764.94,Nikkei Index
Jan-04-2018,23506.33,Nikkei Index
Jan-05-2018,23714.53,Nikkei Index
Jan-09-2018,23849.99,Nikkei Index
Jan-10-2018,23788.2,Nikkei Index
Jan-11-2018,23710.43,Nikkei Index
Jan-12-2018,23653.82,Nikkei Index
Jan-15-2018,23714.88,Nikkei Index
Jan-16-2018,23951.81,Nikkei Index
Jan-17-2018,23868.34,Nikkei Index
Jan-18-2018,23763.37,Nikkei Index
Jan-19-2018,23808.06,Nikkei Index
Jan-22-2018,23816.33,Nikkei Index
Jan-23-2018,24124.15,Nikkei Index
Jan-24-2018,23940.78,Nikkei Index
Jan-25-2018,23669.49,Nikkei Index
Jan-26-2018,23631.88,Nikkei Index
Jan-29-2018,23629.34,Nikkei Index
Jan-30-2018,23291.97,Nikkei Index
Jan-31-2018,23098.29,Nikkei Index
Feb-01-2018,23486.11,Nikkei Index
Feb-02-2018,23274.53,Nikkei Index
Feb-05-2018,22682.08,Nikkei Index
Feb-06-2018,21610.24,Nikkei Index
Feb-07-2018,21645.37,Nikkei Index
Feb-08-2018,21890.86,Nikkei Index
Feb-09-2018,21382.62,Nikkei Index
Feb-13-2018,21244.68,Nikkei Index
Feb-14-2018,21154.17,Nikkei Index
Feb-15-2018,21464.98,Nikkei Index
Feb-16-2018,21720.25,Nikkei Index
Feb-19-2018,22149.21,Nikkei Index
Feb-20-2018,21925.1,Nikkei Index
Feb-21-2018,21970.81,Nikkei Index
Feb-22-2018,21736.44,Nikkei Index
Feb-23-2018,21892.78,Nikkei Index
Feb-26-2018,22153.63,Nikkei Index
Feb-27-2018,22389.86,Nikkei Index
Feb-28-2018,22068.24,Nikkei Index
Mar-01-2018,21724.47,Nikkei Index
Mar-02-2018,21181.64,Nikkei Index
Mar-05-2018,21042.09,Nikkei Index
Mar-06-2018,21417.76,Nikkei Index
Mar-07-2018,21252.72,Nikkei Index
Mar-08-2018,21368.07,Nikkei Index
Mar-09-2018,21469.2,Nikkei Index
Mar-12-2018,21824.03,Nikkei Index
Mar-13-2018,21968.1,Nikkei Index
Mar-14-2018,21777.29,Nikkei Index
Mar-15-2018,21803.95,Nikkei Index
Mar-16-2018,21676.51,Nikkei Index
Mar-19-2018,21480.9,Nikkei Index
Mar-20-2018,21380.97,Nikkei Index
Mar-22-2018,21591.99,Nikkei Index
Mar-23-2018,20617.86,Nikkei Index
Mar-26-2018,20766.1,Nikkei Index
Mar-27-2018,21317.32,Nikkei Index
Mar-28-2018,21031.31,Nikkei Index
Mar-29-2018,21159.08,Nikkei Index
Mar-30-2018,21454.3,Nikkei Index
Apr-02-2018,21388.58,Nikkei Index
Apr-03-2018,21292.29,Nikkei Index
Apr-04-2018,21319.55,Nikkei Index
Apr-05-2018,21645.42,Nikkei Index
Apr-06-2018,21567.52,Nikkei Index
Apr-09-2018,21678.26,Nikkei Index
Apr-10-2018,21794.32,Nikkei Index
Apr-11-2018,21687.1,Nikkei Index
Apr-12-2018,21660.28,Nikkei Index
Apr-13-2018,21778.74,Nikkei Index
Apr-16-2018,21835.53,Nikkei Index
Apr-17-2018,21847.59,Nikkei Index
Apr-18-2018,22158.2,Nikkei Index
Apr-19-2018,22191.18,Nikkei Index
Apr-20-2018,22162.24,Nikkei Index
Apr-23-2018,22088.04,Nikkei Index
Apr-24-2018,22278.12,Nikkei Index
Apr-25-2018,22215.32,Nikkei Index
Apr-26-2018,22319.61,Nikkei Index
Apr-27-2018,22467.87,Nikkei Index
May-01-2018,22508.03,Nikkei Index
May-02-2018,22472.78,Nikkei Index
May-07-2018,22467.16,Nikkei Index
May-08-2018,22508.69,Nikkei Index
May-09-2018,22408.88,Nikkei Index
May-10-2018,22497.18,Nikkei Index
May-11-2018,22758.48,Nikkei Index
May-14-2018,22865.86,Nikkei Index
May-15-2018,22818.02,Nikkei Index
May-16-2018,22717.23,Nikkei Index
May-17-2018,22838.37,Nikkei Index
May-18-2018,22930.36,Nikkei Index
May-21-2018,23002.37,Nikkei Index
May-22-2018,22960.34,Nikkei Index
May-23-2018,22689.74,Nikkei Index
May-24-2018,22437.01,Nikkei Index
May-25-2018,22450.79,Nikkei Index
May-28-2018,22481.09,Nikkei Index
May-29-2018,22358.43,Nikkei Index
May-30-2018,22018.52,Nikkei Index
May-31-2018,22201.82,Nikkei Index
Jun-01-2018,22171.35,Nikkei Index
Jun-04-2018,22475.94,Nikkei Index
Jun-05-2018,22539.54,Nikkei Index
Jun-06-2018,22625.73,Nikkei Index
Jun-07-2018,22823.26,Nikkei Index
Jun-08-2018,22694.5,Nikkei Index
Jun-11-2018,22804.04,Nikkei Index
Jun-12-2018,22878.35,Nikkei Index
Jun-13-2018,22966.38,Nikkei Index
Jun-14-2018,22738.61,Nikkei Index
Jun-15-2018,22851.75,Nikkei Index
Jun-18-2018,22680.33,Nikkei Index
Jun-19-2018,22278.48,Nikkei Index
Jun-20-2018,22555.43,Nikkei Index
Jun-21-2018,22693.04,Nikkei Index
Jun-22-2018,22516.83,Nikkei Index
Jun-25-2018,22338.15,Nikkei Index
Jun-26-2018,22342,Nikkei Index
Jun-27-2018,22271.77,Nikkei Index
Jun-28-2018,22270.39,Nikkei Index
Jun-29-2018,22304.51,Nikkei Index
Jul-02-2018,21811.93,Nikkei Index
Jul-03-2018,21785.54,Nikkei Index
Jul-04-2018,21717.04,Nikkei Index
Jul-05-2018,21546.99,Nikkei Index
Jul-06-2018,21788.14,Nikkei Index
Jul-09-2018,22052.18,Nikkei Index
Jul-10-2018,22196.89,Nikkei Index
Jul-11-2018,21932.21,Nikkei Index
Jul-12-2018,22187.96,Nikkei Index
Jul-13-2018,22597.35,Nikkei Index
Jul-17-2018,22697.36,Nikkei Index
Jul-18-2018,22794.19,Nikkei Index
Jul-19-2018,22764.68,Nikkei Index
Jul-20-2018,22697.88,Nikkei Index
Jul-23-2018,22396.99,Nikkei Index
Jul-24-2018,22510.48,Nikkei Index
Jul-25-2018,22614.25,Nikkei Index
Jul-26-2018,22586.87,Nikkei Index
Jul-27-2018,22712.75,Nikkei Index
Jul-30-2018,22544.84,Nikkei Index
Jul-31-2018,22553.72,Nikkei Index
Aug-01-2018,22746.7,Nikkei Index
Aug-02-2018,22512.53,Nikkei Index
Aug-03-2018,22525.18,Nikkei Index
Aug-06-2018,22507.32,Nikkei Index
Aug-07-2018,22662.74,Nikkei Index
Aug-08-2018,22644.31,Nikkei Index
Aug-09-2018,22598.39,Nikkei Index
Aug-10-2018,22298.08,Nikkei Index
Aug-13-2018,21857.43,Nikkei Index
Aug-14-2018,22356.08,Nikkei Index
Aug-15-2018,22204.22,Nikkei Index
Aug-16-2018,22192.04,Nikkei Index
Aug-17-2018,22270.38,Nikkei Index
Aug-20-2018,22199,Nikkei Index
Aug-21-2018,22219.73,Nikkei Index
Aug-22-2018,22362.55,Nikkei Index
Aug-23-2018,22410.82,Nikkei Index
Aug-24-2018,22601.77,Nikkei Index
Aug-27-2018,22799.64,Nikkei Index
Aug-28-2018,22813.47,Nikkei Index
Aug-29-2018,22848.22,Nikkei Index
Aug-30-2018,22869.5,Nikkei Index
Aug-31-2018,22865.15,Nikkei Index
Sep-03-2018,22707.38,Nikkei Index
Sep-04-2018,22696.9,Nikkei Index
Sep-05-2018,22580.83,Nikkei Index
Sep-06-2018,22487.94,Nikkei Index
Sep-07-2018,22307.06,Nikkei Index
Sep-10-2018,22373.09,Nikkei Index
Sep-11-2018,22664.69,Nikkei Index
Sep-12-2018,22604.61,Nikkei Index
Sep-13-2018,22821.32,Nikkei Index
Sep-14-2018,23094.67,Nikkei Index
Sep-18-2018,23420.54,Nikkei Index
Sep-19-2018,23672.52,Nikkei Index
Sep-20-2018,23674.93,Nikkei Index
Sep-21-2018,23869.93,Nikkei Index
Sep-25-2018,23940.26,Nikkei Index
Sep-26-2018,24033.79,Nikkei Index
Sep-27-2018,23796.74,Nikkei Index
Sep-28-2018,24120.04,Nikkei Index
Oct-01-2018,24245.76,Nikkei Index
Oct-02-2018,24270.62,Nikkei Index
Oct-03-2018,24110.96,Nikkei Index
Oct-04-2018,23975.62,Nikkei Index
Oct-05-2018,23783.72,Nikkei Index
Oct-09-2018,23469.39,Nikkei Index
Oct-10-2018,23506.04,Nikkei Index
Oct-11-2018,22590.86,Nikkei Index
Oct-12-2018,22694.66,Nikkei Index
Oct-15-2018,22271.3,Nikkei Index
Oct-16-2018,22549.24,Nikkei Index
Oct-17-2018,22841.12,Nikkei Index
Oct-18-2018,22658.16,Nikkei Index
Oct-19-2018,22532.08,Nikkei Index
Oct-22-2018,22614.82,Nikkei Index
Oct-23-2018,22010.78,Nikkei Index
Oct-24-2018,22091.18,Nikkei Index
Oct-25-2018,21268.73,Nikkei Index
Oct-26-2018,21184.63,Nikkei Index
Oct-29-2018,21149.8,Nikkei Index
Oct-30-2018,21457.29,Nikkei Index
Oct-31-2018,21920.46,Nikkei Index
Nov-01-2018,21687.65,Nikkei Index
Nov-02-2018,22243.66,Nikkei Index
Nov-05-2018,21898.99,Nikkei Index
Nov-06-2018,22147.75,Nikkei Index
Nov-07-2018,22085.8,Nikkei Index
Nov-08-2018,22486.92,Nikkei Index
Nov-09-2018,22250.25,Nikkei Index
Nov-12-2018,22269.88,Nikkei Index
Nov-13-2018,21810.52,Nikkei Index
Nov-14-2018,21846.48,Nikkei Index
Nov-15-2018,21803.62,Nikkei Index
Nov-16-2018,21680.34,Nikkei Index
Nov-19-2018,21821.16,Nikkei Index
Nov-20-2018,21583.12,Nikkei Index
Nov-21-2018,21507.54,Nikkei Index
Nov-22-2018,21646.55,Nikkei Index
Nov-26-2018,21812,Nikkei Index
Nov-27-2018,21952.4,Nikkei Index
Nov-28-2018,22177.02,Nikkei Index
Nov-29-2018,22262.62,Nikkei Index
Nov-30-2018,22351.06,Nikkei Index
Dec-03-2018,22574.76,Nikkei Index
Dec-04-2018,22036.05,Nikkei Index
Dec-05-2018,21919.33,Nikkei Index
Dec-06-2018,21501.62,Nikkei Index
Dec-07-2018,21678.68,Nikkei Index
Dec-10-2018,21219.5,Nikkei Index
Dec-11-2018,21148.02,Nikkei Index
Dec-12-2018,21602.75,Nikkei Index
Dec-13-2018,21816.19,Nikkei Index
Dec-14-2018,21374.83,Nikkei Index
Dec-17-2018,21506.88,Nikkei Index
Dec-18-2018,21115.45,Nikkei Index
Dec-19-2018,20987.92,Nikkei Index
Dec-20-2018,20392.58,Nikkei Index
Dec-21-2018,20166.19,Nikkei Index
Dec-25-2018,19155.74,Nikkei Index
Dec-26-2018,19327.06,Nikkei Index
Dec-27-2018,20077.62,Nikkei Index
Dec-28-2018,20014.77,Nikkei Index
Jan-04-2019,19561.96,Nikkei Index
Jan-07-2019,20038.97,Nikkei Index
Jan-08-2019,20204.04,Nikkei Index
Jan-09-2019,20427.06,Nikkei Index
Jan-10-2019,20163.8,Nikkei Index
Jan-11-2019,20359.7,Nikkei Index
Jan-15-2019,20555.29,Nikkei Index
Jan-16-2019,20442.75,Nikkei Index
Jan-17-2019,20402.27,Nikkei Index
Jan-18-2019,20666.07,Nikkei Index
Jan-21-2019,20719.33,Nikkei Index
Jan-22-2019,20622.91,Nikkei Index
Jan-23-2019,20593.72,Nikkei Index
Jan-24-2019,20574.63,Nikkei Index
Jan-25-2019,20773.56,Nikkei Index
Jan-28-2019,20649,Nikkei Index
Jan-29-2019,20664.64,Nikkei Index
Jan-30-2019,20556.54,Nikkei Index
Jan-31-2019,20773.49,Nikkei Index
Feb-01-2019,20788.39,Nikkei Index
Feb-04-2019,20883.77,Nikkei Index
Feb-05-2019,20844.45,Nikkei Index
Feb-06-2019,20874.06,Nikkei Index
Feb-07-2019,20751.28,Nikkei Index
Feb-08-2019,20333.17,Nikkei Index
Feb-12-2019,20864.21,Nikkei Index
Feb-13-2019,21144.48,Nikkei Index
Feb-14-2019,21139.71,Nikkei Index
Feb-15-2019,20900.63,Nikkei Index
Feb-18-2019,21281.85,Nikkei Index
Feb-19-2019,21302.65,Nikkei Index
Feb-20-2019,21431.49,Nikkei Index
Feb-21-2019,21464.23,Nikkei Index
Feb-22-2019,21425.51,Nikkei Index
Feb-25-2019,21528.23,Nikkei Index
Feb-26-2019,21449.39,Nikkei Index
Feb-27-2019,21556.51,Nikkei Index
Feb-28-2019,21385.16,Nikkei Index
Mar-01-2019,21602.69,Nikkei Index
Mar-04-2019,21822.04,Nikkei Index
Mar-05-2019,21726.28,Nikkei Index
Mar-06-2019,21596.81,Nikkei Index
Mar-07-2019,21456.01,Nikkei Index
Mar-08-2019,21025.56,Nikkei Index
Mar-11-2019,21125.09,Nikkei Index
Mar-12-2019,21503.69,Nikkei Index
Mar-13-2019,21290.24,Nikkei Index
Mar-14-2019,21287.02,Nikkei Index
Mar-15-2019,21450.85,Nikkei Index
Mar-18-2019,21584.5,Nikkei Index
Mar-19-2019,21566.85,Nikkei Index
Mar-20-2019,21608.92,Nikkei Index
Mar-22-2019,21627.34,Nikkei Index
Mar-25-2019,20977.11,Nikkei Index
Mar-26-2019,21428.39,Nikkei Index
Mar-27-2019,21378.73,Nikkei Index
Mar-28-2019,21033.76,Nikkei Index
Mar-29-2019,21205.81,Nikkei Index
Apr-01-2019,21509.03,Nikkei Index
Apr-02-2019,21505.31,Nikkei Index
Apr-03-2019,21713.21,Nikkei Index
Apr-04-2019,21724.95,Nikkei Index
Apr-05-2019,21807.5,Nikkei Index
Apr-08-2019,21761.65,Nikkei Index
Apr-09-2019,21802.59,Nikkei Index
Apr-10-2019,21687.57,Nikkei Index
Apr-11-2019,21711.38,Nikkei Index
Apr-12-2019,21870.56,Nikkei Index
Apr-15-2019,22169.11,Nikkei Index
Apr-16-2019,22221.66,Nikkei Index
Apr-17-2019,22277.97,Nikkei Index
Apr-18-2019,22090.12,Nikkei Index
Apr-19-2019,22200.56,Nikkei Index
Apr-22-2019,22217.9,Nikkei Index
Apr-23-2019,22259.74,Nikkei Index
Apr-24-2019,22200,Nikkei Index
Apr-25-2019,22307.58,Nikkei Index
Apr-26-2019,22258.73,Nikkei Index
May-07-2019,21923.72,Nikkei Index
May-08-2019,21602.59,Nikkei Index
May-09-2019,21402.13,Nikkei Index
May-10-2019,21344.92,Nikkei Index
May-13-2019,21191.28,Nikkei Index
May-14-2019,21067.23,Nikkei Index
May-15-2019,21188.56,Nikkei Index
May-16-2019,21062.98,Nikkei Index
May-17-2019,21250.09,Nikkei Index
May-20-2019,21301.73,Nikkei Index
May-21-2019,21272.45,Nikkei Index
May-22-2019,21283.37,Nikkei Index
May-23-2019,21151.14,Nikkei Index
May-24-2019,21117.22,Nikkei Index
May-27-2019,21182.58,Nikkei Index
May-28-2019,21260.14,Nikkei Index
May-29-2019,21003.37,Nikkei Index
May-30-2019,20942.53,Nikkei Index
May-31-2019,20601.19,Nikkei Index
Jun-03-2019,20410.88,Nikkei Index
Jun-04-2019,20408.54,Nikkei Index
Jun-05-2019,20776.1,Nikkei Index
Jun-06-2019,20774.04,Nikkei Index
Jun-07-2019,20884.71,Nikkei Index
Jun-10-2019,21134.42,Nikkei Index
Jun-11-2019,21204.28,Nikkei Index
Jun-12-2019,21129.72,Nikkei Index
Jun-13-2019,21032,Nikkei Index
Jun-14-2019,21116.89,Nikkei Index
Jun-17-2019,21124,Nikkei Index
Jun-18-2019,20972.71,Nikkei Index
Jun-19-2019,21333.87,Nikkei Index
Jun-20-2019,21462.86,Nikkei Index
Jun-21-2019,21258.64,Nikkei Index
Jun-24-2019,21285.99,Nikkei Index
Jun-25-2019,21193.81,Nikkei Index
Jun-26-2019,21086.59,Nikkei Index
Jun-27-2019,21338.17,Nikkei Index
Jun-28-2019,21275.92,Nikkei Index
Jul-01-2019,21729.97,Nikkei Index
Jul-02-2019,21754.27,Nikkei Index
Jul-03-2019,21638.16,Nikkei Index
Jul-04-2019,21702.45,Nikkei Index
Jul-05-2019,21746.38,Nikkei Index
Jul-08-2019,21534.35,Nikkei Index
Jul-09-2019,21565.15,Nikkei Index
Jul-10-2019,21533.48,Nikkei Index
Jul-11-2019,21643.53,Nikkei Index
Jul-12-2019,21685.9,Nikkei Index
Jul-16-2019,21535.25,Nikkei Index
Jul-17-2019,21469.18,Nikkei Index
Jul-18-2019,21046.24,Nikkei Index
Jul-19-2019,21466.99,Nikkei Index
Jul-22-2019,21416.79,Nikkei Index
Jul-23-2019,21620.88,Nikkei Index
Jul-24-2019,21709.57,Nikkei Index
Jul-25-2019,21756.55,Nikkei Index
Jul-26-2019,21658.15,Nikkei Index
Jul-29-2019,21616.8,Nikkei Index
Jul-30-2019,21709.31,Nikkei Index
Jul-31-2019,21521.53,Nikkei Index
Aug-01-2019,21540.99,Nikkei Index
Aug-02-2019,21087.16,Nikkei Index
Aug-05-2019,20720.29,Nikkei Index
Aug-06-2019,20585.31,Nikkei Index
Aug-07-2019,20516.56,Nikkei Index
Aug-08-2019,20593.35,Nikkei Index
Aug-09-2019,20684.82,Nikkei Index
Aug-13-2019,20455.44,Nikkei Index
Aug-14-2019,20655.13,Nikkei Index
Aug-15-2019,20405.65,Nikkei Index
Aug-16-2019,20418.81,Nikkei Index
Aug-19-2019,20563.16,Nikkei Index
Aug-20-2019,20677.22,Nikkei Index
Aug-21-2019,20618.57,Nikkei Index
Aug-22-2019,20628.01,Nikkei Index
Aug-23-2019,20710.91,Nikkei Index
Aug-26-2019,20261.04,Nikkei Index
Aug-27-2019,20456.08,Nikkei Index
Aug-28-2019,20479.42,Nikkei Index
Aug-29-2019,20460.93,Nikkei Index
Aug-30-2019,20704.37,Nikkei Index
Sep-02-2019,20620.19,Nikkei Index
Sep-03-2019,20625.16,Nikkei Index
Sep-04-2019,20649.14,Nikkei Index
Sep-05-2019,21085.94,Nikkei Index
Sep-06-2019,21199.57,Nikkei Index
Sep-09-2019,21318.42,Nikkei Index
Sep-10-2019,21392.1,Nikkei Index
Sep-11-2019,21597.76,Nikkei Index
Sep-12-2019,21759.61,Nikkei Index
Sep-13-2019,21988.29,Nikkei Index
Sep-17-2019,22001.32,Nikkei Index
Sep-18-2019,21960.71,Nikkei Index
Sep-19-2019,22044.45,Nikkei Index
Sep-20-2019,22079.09,Nikkei Index
Sep-24-2019,22098.84,Nikkei Index
Sep-25-2019,22020.15,Nikkei Index
Sep-26-2019,22048.24,Nikkei Index
Sep-27-2019,21878.9,Nikkei Index
Sep-30-2019,21755.84,Nikkei Index
Oct-01-2019,21885.24,Nikkei Index
Oct-02-2019,21778.61,Nikkei Index
Oct-03-2019,21341.74,Nikkei Index
Oct-04-2019,21410.2,Nikkei Index
Oct-07-2019,21375.25,Nikkei Index
Oct-08-2019,21587.78,Nikkei Index
Oct-09-2019,21456.38,Nikkei Index
Oct-10-2019,21551.98,Nikkei Index
Oct-11-2019,21798.87,Nikkei Index
Oct-15-2019,22207.21,Nikkei Index
Oct-16-2019,22472.92,Nikkei Index
Oct-17-2019,22451.86,Nikkei Index
Oct-18-2019,22492.68,Nikkei Index
Oct-21-2019,22548.9,Nikkei Index
Oct-23-2019,22625.38,Nikkei Index
Oct-24-2019,22750.6,Nikkei Index
Oct-25-2019,22799.81,Nikkei Index
Oct-28-2019,22867.27,Nikkei Index
Oct-29-2019,22974.13,Nikkei Index
Oct-30-2019,22843.12,Nikkei Index
Oct-31-2019,22927.04,Nikkei Index
Nov-01-2019,22850.77,Nikkei Index
Nov-05-2019,23251.99,Nikkei Index
Nov-06-2019,23303.82,Nikkei Index
Nov-07-2019,23330.32,Nikkei Index
Nov-08-2019,23391.87,Nikkei Index
Nov-11-2019,23331.84,Nikkei Index
Nov-12-2019,23520.01,Nikkei Index
Nov-13-2019,23319.87,Nikkei Index
Nov-14-2019,23141.55,Nikkei Index
Nov-15-2019,23303.32,Nikkei Index
Nov-18-2019,23416.76,Nikkei Index
Nov-19-2019,23292.65,Nikkei Index
Nov-20-2019,23148.57,Nikkei Index
Nov-21-2019,23038.58,Nikkei Index
Nov-22-2019,23112.88,Nikkei Index
Nov-25-2019,23292.81,Nikkei Index
Nov-26-2019,23373.32,Nikkei Index
Nov-27-2019,23437.77,Nikkei Index
Nov-28-2019,23409.14,Nikkei Index
Nov-29-2019,23293.91,Nikkei Index
Dec-02-2019,23529.5,Nikkei Index
Dec-03-2019,23379.81,Nikkei Index
Dec-04-2019,23135.23,Nikkei Index
Dec-05-2019,23300.09,Nikkei Index
Dec-06-2019,23354.4,Nikkei Index
Dec-09-2019,23430.7,Nikkei Index
Dec-10-2019,23410.19,Nikkei Index
Dec-11-2019,23391.86,Nikkei Index
Dec-12-2019,23424.81,Nikkei Index
Dec-13-2019,24023.1,Nikkei Index
Dec-16-2019,23952.35,Nikkei Index
Dec-17-2019,24066.12,Nikkei Index
Dec-18-2019,23934.43,Nikkei Index
Dec-19-2019,23864.85,Nikkei Index
Dec-20-2019,23816.63,Nikkei Index
Dec-23-2019,23821.11,Nikkei Index
Dec-24-2019,23830.58,Nikkei Index
Dec-25-2019,23782.87,Nikkei Index
Dec-26-2019,23924.92,Nikkei Index
Dec-27-2019,23837.72,Nikkei Index
Dec-30-2019,23656.62,Nikkei Index
